revenue_ttm_billion,price_gbp,earnings_ttm_billion,pe_ratio_ttm,marketcap_billion,dividend_yield_ttm,gdp_per_capita,gdp_growth_2024,inflation_rate,interest_rate,exchange_rate,unemployment_rate
1.111498,81.2135066,0.282675,1.51439e-08,2.6489896119194003,0.0,7.4e-05,0.02,0.035,0.055,1.0,0.035
0.168766,3.8555176,-0.201221,-3.7594e-09,0.5685808915072,0.0,7.4e-05,0.02,0.035,0.055,1.0,0.035
0.361824,0.9867382,-0.100695,-1.0499999999999999e-09,0.08783913282784,0.0,7.4e-05,0.02,0.035,0.055,1.0,0.035
11.364748,68.6792646,1.3740052,-1.18468e-08,14.174027027415,1.723309999999999e-07,7.4e-05,0.02,0.035,0.055,1.0,0.035
2.70653,34.459641,0.748221,1.06737e-08,3.8380113922252,1.81262e-07,7.4e-05,0.02,0.035,0.055,1.0,0.035
1.47237,43.3631436,0.218945,1.90265999999999e-08,2.6581822874829,4.50498e-07,7.4e-05,0.02,0.035,0.055,1.0,0.035
0.045913,20.0319284,0.010969,9.16028e-09,0.09062184122624,5.477369999999999e-07,7.4e-05,0.02,0.035,0.055,1.0,0.035
1.597857,6.381415,-0.02277,2.9310300000000002e-08,0.4204886866483,0.0,7.4e-05,0.02,0.035,0.055,1.0,0.035
0.0,44.70724104,0.0,5.69552e-09,3.0575503694746,0.0,1.281e-05,-0.031,0.413,0.375,0.00286,0.089
0.455991,38.66947,-0.287065,-1.51135e-08,7.1263192385946,0.0,7.4e-05,0.02,0.035,0.055,1.0,0.035
3.059173,5.33372,-0.011693,3.19178e-09,0.2960188022834999,2.90276e-07,7.4e-05,0.02,0.035,0.055,1.0,0.035
0.135362,2.6516208,-0.030074,-5.8e-09,0.1915976338214,0.0,7.4e-05,0.02,0.035,0.055,1.0,0.035
0.006186,0.714642284,-0.025595,-7.07692e-09,0.134950906279,0.0,7.4e-05,0.02,0.035,0.055,1.0,0.035
0.034662,4.6631952,-0.106244,-1.30061e-08,0.9477943634432,0.0,7.4e-05,0.02,0.035,0.055,1.0,0.035
1.044,21.201537,0.085,2.11353e-08,1.9831769188557,8.561569999999997e-07,7.4e-05,0.02,0.035,0.055,1.0,0.035
0.388433,10.09597,-0.004849,2.70204e-08,1.466146802985,0.0,7.4e-05,0.02,0.035,0.055,1.0,0.035
0.009667,1.16656076,-0.033885,1.62766e-09,0.04416190931584,0.0,7.4e-05,0.02,0.035,0.055,1.0,0.035
2.673165,21.6129954,-0.149438,-6.80952e-08,6.1631187022848,3.07692e-07,7.4e-05,0.02,0.035,0.055,1.0,0.035
0.422611,19.5861818,0.118222,9.66667e-09,1.0652120824678,3.09957e-07,7.4e-05,0.02,0.035,0.055,1.0,0.035
0.061214754,0.39884643808,0.00254052,4.30107e-09,0.03252051985248,0.0,4.71e-05,0.02,0.03,0.045,0.74074,0.055
0.000925,31.373702999999995,-0.059524,-1.48127e-09,0.4076573290137,0.0,7.4e-05,0.02,0.035,0.055,1.0,0.035
0.200627,14.2334128,-0.205976,3.02258e-08,1.0361426135603,0.0,7.4e-05,0.02,0.035,0.055,1.0,0.035
1.117203,11.4522588,-0.077499,2.06849e-08,1.4926530628352,0.0,7.4e-05,0.02,0.035,0.055,1.0,0.035
1.024252,39.1895077,0.578397,3.8700499999999995e-09,1.9278416037171,8.561569999999997e-07,7.4e-05,0.02,0.035,0.055,1.0,0.035
0.773698,5.8975704,0.037271,9.683046749999992e-08,1.4948453619558,0.0,7.4e-05,0.02,0.035,0.055,1.0,0.035
11.364748,16.2449872,1.3740052,5.210399999999999e-09,8.276820807721,0.0,1.281e-05,-0.031,0.413,0.375,0.00286,0.089
0.003109345,0.3733604,-0.00756803,-3.78529e-11,0.0018687320446799,0.0,7.4e-05,0.02,0.035,0.055,1.0,0.035
0.332845,6.983591988,0.024528,-7.87072899999999e-08,0.9661591355545,8.561569999999997e-07,7.4e-05,0.02,0.035,0.055,1.0,0.035
0.467625,23.9941204,-0.003885,2.02244e-08,1.4685985342464,2.91601e-07,7.4e-05,0.02,0.035,0.055,1.0,0.035
11.364748,5.652524064,0.951994,7.55464e-09,2.5662959919237,3.68468e-10,1.637e-05,0.023,0.0559999999999999,0.1,0.00118,0.07
0.166517,6.50485252,-0.011678,4.275e-08,0.300548892215,0.0,7.4e-05,0.02,0.035,0.055,1.0,0.035
3.934205,103.321776,0.161944,2.70178e-08,2.8130593743053,0.0,7.4e-05,0.02,0.035,0.055,1.0,0.035
5.633856,59.3414448,1.02013,1.91775e-08,10.459344213197,0.0,7.4e-05,0.02,0.035,0.055,1.0,0.035
0.31394,6.514758,-0.000285,9.683046749999992e-08,0.3289777051545,3.2445e-07,7.4e-05,0.02,0.035,0.055,1.0,0.035
5.540763,68.3135238,0.338796,1.1401999999999901e-08,2.6837172372991,0.0,7.4e-05,0.02,0.035,0.055,1.0,0.035
3.750153,153.4701734,1.02555,3.68808e-08,16.60981831119515,0.0,7.4e-05,0.02,0.035,0.055,1.0,0.035
11.364748,95.187853,1.3740052,9.683046749999992e-08,16.60981831119515,1.39337e-07,7.4e-05,0.02,0.035,0.055,1.0,0.035
11.364748,153.4701734,1.3740052,2.48658e-08,16.60981831119515,1.35275e-07,7.4e-05,0.02,0.035,0.055,1.0,0.035
0.563435,55.661178,-0.083397,-4.5528e-08,5.8815497825894,0.0,7.4e-05,0.02,0.035,0.055,1.0,0.035
11.364748,78.95962892,1.3740052,1.49283e-08,16.60981831119515,3.15233e-07,7.4e-05,0.02,0.035,0.055,1.0,0.035
0.760077,24.916092,0.038505,-3.95572e-08,0.3765867946585,2.821600000000001e-07,7.4e-05,0.02,0.035,0.055,1.0,0.035
0.169762262,7.1062142108,0.030837,1.51418e-08,0.201716202793,6.60995e-07,4.71e-05,0.02,0.03,0.045,0.74074,0.055
11.364748,70.67445686,1.3740052,2.651010000000001e-08,16.60981831119515,1.30449e-08,7.4e-05,0.02,0.035,0.055,1.0,0.035
2.597877,4.2745956,0.032207,-3.31765e-08,0.6309303349427,0.0,7.4e-05,0.02,0.035,0.055,1.0,0.035
8.015039,103.9923008,0.757112,2.25261e-08,8.8091974075597,1.1243300000000001e-07,4.71e-05,0.02,0.03,0.045,0.74074,0.055
0.198987,13.791476,-0.005227,3.49808e-08,0.08894798578528,2.63881e-07,7.4e-05,0.02,0.035,0.055,1.0,0.035
0.384941,31.0993974,0.144012,8.9452099999999e-09,1.2837457215794998,2.13075e-07,7.4e-05,0.02,0.035,0.055,1.0,0.035
0.033422,6.533807,0.008538,3.6568999999999996e-09,0.04432599892576,5.491989999999999e-07,7.4e-05,0.02,0.035,0.055,1.0,0.035
11.364748,153.4701734,1.3740052,4.05434e-08,16.60981831119515,6.89781e-08,7.4e-05,0.02,0.035,0.055,1.0,0.035
0.062388755,1.2038968,-0.011214,-3.6e-09,0.03524492307168,0.0,7.4e-05,0.02,0.035,0.055,1.0,0.035
0.005289948,2.0725312,-0.00772672,-9.69708e-09,0.0054047880092,0.0,7.4e-05,0.02,0.035,0.055,1.0,0.035
0.443751,22.6606904,0.157986,8.534480000000001e-09,0.8046448285209,5.2862e-07,7.4e-05,0.02,0.035,0.055,1.0,0.035
0.009918,13.2085766,-0.297111,-4e-09,0.9020083942963,0.0,7.4e-05,0.02,0.035,0.055,1.0,0.035
11.364748,92.1666816,1.3740052,9.24924e-09,16.60981831119515,1.8129399999999997e-09,7.4e-05,0.02,0.035,0.055,1.0,0.035
1.087943809,4.6401001924,0.00905543,-3.20992e-08,0.8805199359245,0.0,4.71e-05,0.02,0.03,0.045,0.74074,0.055
6.166,15.124906,0.27,1.77257e-08,2.2144676946022,0.0,7.4e-05,0.02,0.035,0.055,1.0,0.035
0.267608,3.780616932,0.01765,3.67858999999999e-08,0.3361641126075,0.0,4.71e-05,0.02,0.03,0.045,0.74074,0.055
0.0,1.886536764,-0.046907,-1.35326e-09,0.07481193318624,0.0,7.4e-05,0.02,0.035,0.055,1.0,0.035
11.364748,34.4672606,1.3740052,6.5007e-09,16.60981831119515,9.03614e-08,7.4e-05,0.02,0.035,0.055,1.0,0.035
0.36678474,6.6174854472,0.064411,1.30702e-08,0.5036837654733,0.0,4.71e-05,0.02,0.03,0.045,0.74074,0.055
-0.038187,4.400319,-0.15123,-7.062589999999999e-09,0.5720458710809,5.892549999999999e-07,7.4e-05,0.02,0.035,0.055,1.0,0.035
0.01159,0.1752508,-0.001605,-2.05961e-13,0.00350103780684,0.0,7.4e-05,0.02,0.035,0.055,1.0,0.035
10.5193,88.920732,1.3740052,3.18686e-08,16.60981831119515,2.355509999999999e-07,7.4e-05,0.02,0.035,0.055,1.0,0.035
0.8072,7.672480024,-0.3262,-1.7985899999999e-09,0.9733998280857,0.0,7.4e-05,0.02,0.035,0.055,1.0,0.035
0.069248,7.8900958,0.050367,-2.65553e-09,0.1840191187046,8.561569999999997e-07,7.4e-05,0.02,0.035,0.055,1.0,0.035
0.032772,7.4062512,-0.459253,-4.29018e-09,2.2479008901427,0.0,7.4e-05,0.02,0.035,0.055,1.0,0.035
2.819611,38.1665764,0.267605,-4.42368e-08,3.4414613674803,3.96589e-07,0.000115,0.087,0.023,0.0025,1.0,0.025
0.071053614,0.18363236,-0.0073256,-8.71522e-10,0.00494321778588,0.0,4.71e-05,0.02,0.03,0.045,0.74074,0.055
0.387521,44.789227936,0.092375,3.7132100000000003e-08,2.615579043543,8.130079999999989e-08,7.4e-05,0.02,0.035,0.055,1.0,0.035
0.255807,2.15596582,-0.001987,9.683046749999992e-08,0.09290056489792,0.0,7.4e-05,0.02,0.035,0.055,1.0,0.035
0.042935,20.1309832,-0.004353,-1.13391e-08,0.1626047998028,0.0,7.4e-05,0.02,0.035,0.055,1.0,0.035
0.16918,21.7310992,0.054879,1.14118e-08,0.3628311368742,2.74914e-07,7.4e-05,0.02,0.035,0.055,1.0,0.035
0.069569903,6.7354520944,-0.0129143,-2.58004e-08,0.5300221868704,0.0,4.71e-05,0.02,0.03,0.045,0.74074,0.055
0.111793,1.0134068,-0.247082,-8.59817e-10,0.01299846308216,0.0,7.4e-05,0.02,0.035,0.055,1.0,0.035
11.364748,153.4701734,1.3740052,1.6219799999999998e-08,16.60981831119515,1.928609999999999e-07,7.4e-05,0.02,0.035,0.055,1.0,0.035
3.66149,31.5946714,0.065178,8.03846e-08,1.258305181655,0.0,7.4e-05,0.02,0.035,0.055,1.0,0.035
0.284942,1.7296492,-0.167519,-1.50968e-09,0.0312941970457599,0.0,7.4e-05,0.02,0.035,0.055,1.0,0.035
0.000496,0.449861184,-0.128224,-4.80317e-10,0.0531326533619199,0.0,7.4e-05,0.02,0.035,0.055,1.0,0.035
0.00654,2.514544196,-0.1568,-4.82609e-09,0.1349012752523999,0.0,7.4e-05,0.02,0.035,0.055,1.0,0.035
4.82012542,2.1487272,1.34867,2.5004699999999997e-09,2.9723988890112,8.561569999999997e-07,1.637e-05,0.023,0.0559999999999999,0.1,0.00118,0.07
0.314563,9.4387795,-0.006255,-7.87072899999999e-08,0.2965343505151,1.85185e-07,7.4e-05,0.02,0.035,0.055,1.0,0.035
0.226957,0.929667396,-0.015442,-7.87072899999999e-08,1.7590794356326,0.0,7.4e-05,0.02,0.035,0.055,1.0,0.035
2.151748,66.1838456,0.600765,2.81801e-08,11.180503925105,1.11821e-07,7.4e-05,0.02,0.035,0.055,1.0,0.035
2.342024,80.9087226,0.8514,1.056e-08,5.3804622594253,1.5955e-07,7.4e-05,0.02,0.035,0.055,1.0,0.035
0.199143,10.5607656,0.022022,1.83466999999999e-08,0.3518456242918,3.48837e-07,7.4e-05,0.02,0.035,0.055,1.0,0.035
0.092874,0.647742196,-0.007934,-7.098319999999997e-10,0.02120928156144,0.0,7.4e-05,0.02,0.035,0.055,1.0,0.035
0.072911,1.430351312,-0.019987,-5.05834e-11,0.01525698567032,0.0,7.4e-05,0.02,0.035,0.055,1.0,0.035
11.364748,30.6003136,1.3740052,1.88286e-08,16.60981831119515,3.665179999999999e-07,7.4e-05,0.02,0.035,0.055,1.0,0.035
0.555095,10.9684142,-0.023702,9.683046749999992e-08,1.2759227696947,0.0,7.4e-05,0.02,0.035,0.055,1.0,0.035
0.021568,1.1505596,-0.015026,-3.81699e-11,0.0079440387582,0.0,7.4e-05,0.02,0.035,0.055,1.0,0.035
0.01196,23.4836072,-0.191387,-2.12413999999999e-08,1.9839304424346,0.0,7.4e-05,0.02,0.035,0.055,1.0,0.035
0.707843,2.0306234,-0.275732,-2.2231399999999e-09,0.6602652829055,0.0,7.4e-05,0.02,0.035,0.055,1.0,0.035
11.364748,27.5219952,1.055,1.18633e-08,6.2686568675327,1.19728e-07,7.4e-05,0.02,0.035,0.055,1.0,0.035
0.126116,18.9194668,-0.051214,-1.26114e-08,0.8729101537791999,0.0,7.4e-05,0.02,0.035,0.055,1.0,0.035
0.048616,3.36329144,-0.859221,-2.71519e-09,0.1701731351339999,0.0,7.4e-05,0.02,0.035,0.055,1.0,0.035
0.05839,18.591824,0.013596,9.00369e-09,0.0875860828639999,3.60656e-07,7.4e-05,0.02,0.035,0.055,1.0,0.035
0.012265069,5.943288,-0.00102452,-3.39048e-08,0.0552713897424,0.0,7.4e-05,0.02,0.035,0.055,1.0,0.035
0.014405,0.0304784,-0.01538,-4.54545e-11,0.00195334236896,0.0,7.4e-05,0.02,0.035,0.055,1.0,0.035
5.629,3.8783764,0.101,-1.25862e-09,0.4315585878246,0.0,7.4e-05,0.02,0.035,0.055,1.0,0.035
9.672,147.2068622,1.3139,1.05455e-08,16.60981831119515,0.0,7.4e-05,0.02,0.035,0.055,1.0,0.035
0.019648,14.873154416,-0.525685,-1.15706e-08,1.8489560921702,0.0,7.4e-05,0.02,0.035,0.055,1.0,0.035
11.364748,61.1777684,1.3740052,5.59167e-08,16.60981831119515,9.376550000000001e-08,7.4e-05,0.02,0.035,0.055,1.0,0.035
0.004124,3.009742,-0.090555,-1.78341e-09,0.1436468570707,0.0,7.4e-05,0.02,0.035,0.055,1.0,0.035
1.1285,95.12232444,-0.4132,3.63787e-08,16.60981831119515,1.1154500000000001e-07,4.71e-05,0.02,0.03,0.045,0.74074,0.055
0.342138,3.5222058176,-0.055895,1.94144e-08,1.3962529954796998,0.0,4.71e-05,0.02,0.03,0.045,0.74074,0.055
0.446551,1.3639084,-0.000196,-1.7899999999999998e-08,0.1367563613554999,0.0,7.4e-05,0.02,0.035,0.055,1.0,0.035
0.355963,24.0626968,0.10321,9.71692e-09,0.7493147800498999,1.89994e-07,7.4e-05,0.02,0.035,0.055,1.0,0.035
2.600935,82.94848952,0.343793,4.45041e-08,7.5831648039731,8.656409999999989e-08,7.4e-05,0.02,0.035,0.055,1.0,0.035
0.13501576,2.9640244,0.0175036,3.80092e-08,0.1224809005548,0.0,7.4e-05,0.02,0.035,0.055,1.0,0.035
1.947225,47.4015316,0.252192,1.07327e-08,1.0813853357056,0.0,7.4e-05,0.02,0.035,0.055,1.0,0.035
3.1362,10.017335728,0.1925,2.81915e-08,1.1416758047334,2.26415e-07,7.4e-05,0.02,0.035,0.055,1.0,0.035
5.438,64.309424,0.705,1.75608e-08,4.7047808067379,0.0,7.4e-05,0.02,0.035,0.055,1.0,0.035
0.077681,4.367478524,0.002467,-2.5999999999999997e-09,0.0905256026304,0.0,7.4e-05,0.02,0.035,0.055,1.0,0.035
0.0,0.85187128,-0.034804,-8.12903e-10,0.05480300988256,0.0,7.4e-05,0.02,0.035,0.055,1.0,0.035
0.024687889,1.104613412,-0.0209196,-2.5892900000000003e-09,0.02926253433232,0.0,4.71e-05,0.02,0.03,0.045,0.74074,0.055
8.017,83.3279456,0.629,9.683046749999992e-08,9.6987898282394,0.0,7.4e-05,0.02,0.035,0.055,1.0,0.035
0.029937,1.3943868,-0.104774,-9.068629999998999e-10,0.171056399166,0.0,7.4e-05,0.02,0.035,0.055,1.0,0.035
0.0,3.162134,-0.030644,-3.02143e-08,1.0575157256653,0.0,4.71e-05,0.02,0.03,0.045,0.74074,0.055
10.806,33.9148396,0.656,3.5714299999999994e-08,4.278662150041599,0.0,7.4e-05,0.02,0.035,0.055,1.0,0.035
0.229976824,14.229298216,0.0789769,8.11235999999999e-08,2.0615089571358,4.95353e-07,4.71e-05,0.02,0.03,0.045,0.74074,0.055
1.342299122,2.1739937936,0.17855,2.64619e-08,1.1830097604661,4.0198e-07,4.71e-05,0.02,0.03,0.045,0.74074,0.055
0.099915,25.9599772,0.051432,8.78757e-09,0.2590720080256,1.4740600000000004e-07,7.4e-05,0.02,0.035,0.055,1.0,0.035
5.0193,153.4701734,0.8098,3.97678999999999e-08,16.380384639222,7.35695e-08,7.4e-05,0.02,0.035,0.055,1.0,0.035
8.582991,117.3837478,1.3740052,6.48285e-08,16.60981831119515,2.16858e-07,7.4e-05,0.02,0.035,0.055,1.0,0.035
3.3833,32.142444444,-0.0119,-3.11407e-08,1.6681927493018,0.0,7.4e-05,0.02,0.035,0.055,1.0,0.035
0.506125,23.9560224,-0.026676,-4.88906e-08,2.7683580460749,0.0,7.4e-05,0.02,0.035,0.055,1.0,0.035
0.195495,13.2047668,-0.030154,-4.48462e-08,0.1621888671736999,0.0,7.4e-05,0.02,0.035,0.055,1.0,0.035
2.9152,67.8258694,0.1518,4.41456999999999e-08,6.0090191316378,0.0,7.4e-05,0.02,0.035,0.055,1.0,0.035
0.00589171,0.796476788,-0.0029609,-1.00351e-09,0.00408385491516,0.0,7.4e-05,0.02,0.035,0.055,1.0,0.035
0.294011,2.6744796,0.037078,4.8493199999999995e-09,0.462208934766,0.0,7.4e-05,0.02,0.035,0.055,1.0,0.035
0.352567,19.1861528,-0.184436,-5.55432e-09,1.5812383129907,0.0,7.4e-05,0.02,0.035,0.055,1.0,0.035
7.909232,40.1286234,0.478181,1.18415999999999e-08,3.0976328302898,1.28084e-07,7.4e-05,0.02,0.035,0.055,1.0,0.035
0.9125,19.4566486,0.06638,2.06129e-08,0.7908602040652,6.259779999999999e-08,7.4e-05,0.02,0.035,0.055,1.0,0.035
0.035243,0.971499,-0.011065,-7.4783e-11,0.00538552413648,0.0,7.4e-05,0.02,0.035,0.055,1.0,0.035
0.634384269,12.195703172,0.0597477,3.65354e-08,0.8668009413696001,2.36514e-07,4.71e-05,0.02,0.03,0.045,0.74074,0.055
0.007164,1.491689092,-0.044325,-6.97107e-12,0.02607472532816,0.0,7.4e-05,0.02,0.035,0.055,1.0,0.035
0.000225,1.5182053,-0.015271,-2.60844e-10,0.01311410575136,0.0,7.4e-05,0.02,0.035,0.055,1.0,0.035
0.981822649,8.431925556,0.886094,9.21811e-09,6.1017591866138,5.00297e-07,4.71e-05,0.02,0.03,0.045,0.74074,0.055
0.397441548,5.1681537116,0.0834373,9.27912e-09,0.8629369241058,0.0,4.71e-05,0.02,0.03,0.045,0.74074,0.055
0.307924,16.6183476,-0.017194,5.5417699999999996e-09,0.5014968602675,8.222930000000001e-07,7.4e-05,0.02,0.035,0.055,1.0,0.035
7.305495,61.579626104,1.14648,1.53221e-08,16.60981831119515,1.955509999999999e-07,4.71e-05,0.02,0.03,0.045,0.74074,0.055
11.364748,101.3292506,1.3740052,2.57249e-08,16.60981831119515,1.3112799999999998e-07,7.4e-05,0.02,0.035,0.055,1.0,0.035
0.012317,2.7887736,-0.195505,-1.64516e-09,0.3175799783078,0.0,7.4e-05,0.02,0.035,0.055,1.0,0.035
0.004495,0.086177676,-0.030365,-4.28016e-11,0.00439093317672,0.0,7.4e-05,0.02,0.035,0.055,1.0,0.035
0.01,2.20320734,-0.089491,-6.15561e-10,0.08866521328576,0.0,7.4e-05,0.02,0.035,0.055,1.0,0.035
1.0419,6.0271036,-0.0083,-7.08036e-09,0.3030626531161,0.0,7.4e-05,0.02,0.035,0.055,1.0,0.035
10.451261,153.4701734,1.3740052,8.645699999999999e-09,10.710080500736,5.71640999999999e-08,0.000115,0.087,0.023,0.0025,1.0,0.025
3.2153,102.3921848,-0.2482,7.430599999999999e-08,13.274533271798,2.7504e-07,7.4e-05,0.02,0.035,0.055,1.0,0.035
11.364748,30.6003136,1.3740052,2.22723e-08,16.528759537336,3.653079999999999e-07,4.71e-05,0.02,0.03,0.045,0.74074,0.055
0.087845,25.4418444,0.017922,1.80486e-08,0.2074807814565999,0.0,7.4e-05,0.02,0.035,0.055,1.0,0.035
0.23887807,7.8196145,0.152882,1.3082e-08,1.1783338672027,7.73371e-07,4.71e-05,0.02,0.03,0.045,0.74074,0.055
0.262277506,11.701343524,0.257148,1.25701e-08,1.4381691488472998,3.321830000000001e-07,4.71e-05,0.02,0.03,0.045,0.74074,0.055
0.432342,0.5181328,0.05775,2.3603e-08,0.02014572864992,8.561569999999997e-07,7.4e-05,0.02,0.035,0.055,1.0,0.035
1.234082,43.8736568,0.458265,3.7140099999999997e-09,1.505638616791,5.14492e-07,4.71e-05,0.02,0.03,0.045,0.74074,0.055
0.0,1.994201712,-0.0280791,-1.66242e-09,0.0476757762432,0.0,7.4e-05,0.02,0.035,0.055,1.0,0.035
1.15906,59.9510128,0.201426,5.01401e-08,9.5109882669466,4.06503999999999e-08,7.4e-05,0.02,0.035,0.055,1.0,0.035
0.0,6.438562,-0.0918918,-1.07644e-08,0.6918943034624,0.0,4.71e-05,0.02,0.03,0.045,0.74074,0.055
0.001,10.1797856,-0.025309,-5.47083e-08,0.02476599197568,0.0,7.4e-05,0.02,0.035,0.055,1.0,0.035
0.229554,9.5321196,0.098813,-3.58e-08,0.9730673453158,8.561569999999997e-07,7.4e-05,0.02,0.035,0.055,1.0,0.035
1.489877,25.046158572,0.369622,-1.72116e-08,5.8374584124825,0.0,7.4e-05,0.02,0.035,0.055,1.0,0.035
11.364748,55.8364288,0.2344,1.66545e-08,2.6493212169114,4.10753e-07,7.4e-05,0.02,0.035,0.055,1.0,0.035
0.479416,0.884787952,-0.126877,-2.153279999999e-10,0.03655253786688,0.0,7.4e-05,0.02,0.035,0.055,1.0,0.035
0.0004082,0.412296556,-0.00994463,-1.7824699999990002e-10,0.0031437860032,0.0,7.4e-05,0.02,0.035,0.055,1.0,0.035
0.059851,2.28588,-0.084249,-4.74623e-10,0.1454135192396,0.0,7.4e-05,0.02,0.035,0.055,1.0,0.035
0.603824,79.6552984,0.255013,1.55797e-08,2.6303852064358,1.6453e-07,7.4e-05,0.02,0.035,0.055,1.0,0.035
0.014513781,2.4436361984,-0.0021558,-7.87072899999999e-08,0.1436570741923,0.0,4.71e-05,0.02,0.03,0.045,0.74074,0.055
0.003087472,0.0076196,0.00465959,1.42857e-10,0.00054290107176,0.0,4.71e-05,0.02,0.03,0.045,0.74074,0.055
2.876534,153.4701734,0.785454,3.13723e-08,16.162533423677,0.0,7.4e-05,0.02,0.035,0.055,1.0,0.035
11.364748,123.64248724,0.630007,1.55539e-08,5.150054989252,3.14073e-07,4.71e-05,0.02,0.03,0.045,0.74074,0.055
5.7975,153.4701734,1.3740052,2.60191e-08,16.60981831119515,4.46633e-07,7.4e-05,0.02,0.035,0.055,1.0,0.035
2.942,11.0408004,0.181,-8.28571e-09,1.7435632479334,3.448279999999999e-07,7.4e-05,0.02,0.035,0.055,1.0,0.035
1.06,3.6078806,0.071,6.2755799999998995e-09,0.2897128213235,0.0,7.4e-05,0.02,0.035,0.055,1.0,0.035
0.0,4.9755988,-0.058338,-7.1413e-09,0.3174760591552,0.0,7.4e-05,0.02,0.035,0.055,1.0,0.035
0.502357,14.2791304,-0.048533,-1.06760999999999e-08,0.7039111319526,0.0,7.4e-05,0.02,0.035,0.055,1.0,0.035
1.04367,13.429545,0.046592,1.71262e-08,1.0933664191283,1.36054e-07,7.4e-05,0.02,0.035,0.055,1.0,0.035
4.576334,27.674463396,0.942007,4.52664e-09,16.439433735209,1.70819e-07,7.4e-05,0.02,0.035,0.055,1.0,0.035
0.296436,2.1030096,-0.174273,-3.98836e-10,0.07512517799008,0.0,7.4e-05,0.02,0.035,0.055,1.0,0.035
0.884835,27.030531,0.066623,1.07667e-08,0.9573754069708,3.20856e-07,7.4e-05,0.02,0.035,0.055,1.0,0.035
1.156322096,4.954682998,0.0552648,-5.736739999999999e-09,0.4789888712232,3.78699e-07,4.71e-05,0.02,0.03,0.045,0.74074,0.055
0.583005,56.6822044,0.285297,4.37602e-08,5.7233156828774,3.95697e-07,7.4e-05,0.02,0.035,0.055,1.0,0.035
3.102101,1.752508,-1.07663635,-1.56463e-11,0.009474934502,0.0,7.4e-05,0.02,0.035,0.055,1.0,0.035
7.8845e-05,0.198033404,-0.00276549,-2.599e-09,0.00163402855372,0.0,0.000115,0.087,0.023,0.0025,1.0,0.025
0.174497,1.028646,-0.040442,-2.0781200000000003e-09,0.216311910048,0.0,7.4e-05,0.02,0.035,0.055,1.0,0.035
0.166233,135.6517388,0.114151,-3.26225e-08,3.8972742759014,0.0,7.4e-05,0.02,0.035,0.055,1.0,0.035
0.132266,32.992868,0.04523,8.3752399999999e-09,0.266232652087,2.30947e-07,7.4e-05,0.02,0.035,0.055,1.0,0.035
0.932387,133.2591844,0.169341,5.429110000000001e-08,4.3234210214912006,4.51093e-08,7.4e-05,0.02,0.035,0.055,1.0,0.035
1.999012575,21.0262862,0.509315,2.2777900000000002e-08,3.3082966051634,0.0,1e-05,0.025,0.051,0.11,0.05882,0.035
0.077557,19.9023952,0.144012,8.9452099999999e-09,1.2837457215794998,4.01991e-07,7.4e-05,0.02,0.035,0.055,1.0,0.035
1.783768,7.5129256,-0.10038,-1.29908e-09,0.04749363427696,0.0,7.4e-05,0.02,0.035,0.055,1.0,0.035
-0.048,2.7278168,-0.663,-7.103170000000001e-10,0.1391955842815999,8.561569999999997e-07,7.4e-05,0.02,0.035,0.055,1.0,0.035
11.364748,153.4701734,1.156,3.00883e-08,16.60981831119515,1.957529999999999e-07,7.4e-05,0.02,0.035,0.055,1.0,0.035
1.65345,153.4701734,0.611107,9.683046749999992e-08,16.60981831119515,0.0,7.4e-05,0.02,0.035,0.055,1.0,0.035
0.169389,20.7938884,0.069244,1.06654e-08,0.5056346078514999,0.0,7.4e-05,0.02,0.035,0.055,1.0,0.035
0.464575,1.295332,-0.088279,-2.79146e-10,0.1484437549158,0.0,7.4e-05,0.02,0.035,0.055,1.0,0.035
0.623161,153.4701734,0.264873,4.722249999999991e-08,7.482247651819399,7.28544e-08,7.4e-05,0.02,0.035,0.055,1.0,0.035
0.0,2.2020796392,-0.00735,-5.23874e-08,0.2223905610039,0.0,4.71e-05,0.02,0.03,0.045,0.74074,0.055
0.000390432,0.9943044628,-0.00226311,-7.87072899999999e-08,0.2372965414187,0.0,4.71e-05,0.02,0.03,0.045,0.74074,0.055
0.0,2.743056,-0.025523,-1.27622e-09,0.0594305026848,0.0,7.4e-05,0.02,0.035,0.055,1.0,0.035
0.0,38.0446628,-0.068495,-1.51997e-08,1.4788569297356,0.0,7.4e-05,0.02,0.035,0.055,1.0,0.035
11.364748,14.0886404,1.3740052,7.516260000000001e-09,8.1592110503936,2.596e-07,7.4e-05,0.02,0.035,0.055,1.0,0.035
2.7596,120.19461824,0.2735,7.29404e-08,6.0034208591258,5.03113e-08,7.4e-05,0.02,0.035,0.055,1.0,0.035
0.0,2.0391725912,-0.0222531,-5.29935e-08,0.3641678836861,0.0,4.71e-05,0.02,0.03,0.045,0.74074,0.055
10.1087,153.4701734,1.3740052,3.11701e-08,16.60981831119515,1.4241499999999994e-07,7.4e-05,0.02,0.035,0.055,1.0,0.035
0.403193,19.2242508,-0.00317,-7.87072899999999e-08,4.7353941894758,0.0,7.4e-05,0.02,0.035,0.055,1.0,0.035
3.399568,54.8192122,0.791316,1.2898e-08,6.2123323942093,9.708740000000001e-08,7.4e-05,0.02,0.035,0.055,1.0,0.035
0.86442,1.2038968,-0.595456,-3.4649099999999997e-10,0.0033773153138,0.0,7.4e-05,0.02,0.035,0.055,1.0,0.035
3.391891,25.4951816,0.955711,7.0861299999999e-09,3.8468913837875,3.40943e-07,7.4e-05,0.02,0.035,0.055,1.0,0.035
1.908474,29.3697482,0.316941,1.74414e-08,2.3115107251405,4.829549999999999e-07,7.4e-05,0.02,0.035,0.055,1.0,0.035
0.149026,30.9203368,0.008676,1.33049e-08,0.4719402246144,1.18285e-07,7.4e-05,0.02,0.035,0.055,1.0,0.035
0.286201513,7.2522667036,0.106333,6.53867e-09,0.5774335530881,0.0,4.71e-05,0.02,0.03,0.045,0.74074,0.055
1.842944,31.827069200000004,0.274676,2.33352e-08,2.8708144305765,3.61982e-07,7.4e-05,0.02,0.035,0.055,1.0,0.035
4e-05,0.213424996,-0.017536,-6.07143e-10,0.00347419547996,0.0,7.4e-05,0.02,0.035,0.055,1.0,0.035
1.9916,153.4701734,0.2447,1.8363e-08,4.0830393924198,0.0,7.4e-05,0.02,0.035,0.055,1.0,0.035
0.045688438,0.12800928,-0.0171006,-6.05756e-09,5.3760073056074,0.0,7.4e-05,0.02,0.035,0.055,1.0,0.035
0.34046,4.457466,0.069063,-7.87072899999999e-08,0.6543960696089001,0.0,7.4e-05,0.02,0.035,0.055,1.0,0.035
0.013174,1.8401334,-0.158425,-1.16827e-09,0.1228127127999999,0.0,7.4e-05,0.02,0.035,0.055,1.0,0.035
1.88944963,15.965119292,0.435063,2.72295e-08,6.443658206400601,1.60595e-07,4.71e-05,0.02,0.03,0.045,0.74074,0.055
3.431528,25.239925,0.220726,1.53565e-08,1.2718700690381,9.6706e-08,7.4e-05,0.02,0.035,0.055,1.0,0.035
11.364748,153.4701734,0.8503,2.95346e-08,14.1426829433239,1.296709999999999e-07,7.4e-05,0.02,0.035,0.055,1.0,0.035
0.05444,5.303546384,0.048028,-5.62602e-09,0.3463008962329,8.561569999999997e-07,7.4e-05,0.02,0.035,0.055,1.0,0.035
1.351,99.283388,0.3217,2.60608e-08,4.3386939671757,8.34796e-08,7.4e-05,0.02,0.035,0.055,1.0,0.035
0.0,7.0328908,-0.021751,-3.74442e-10,0.07093443456416,0.0,7.4e-05,0.02,0.035,0.055,1.0,0.035
2.809846,10.3855148,0.038332,-8.70988e-10,0.1798656930316,0.0,7.4e-05,0.02,0.035,0.055,1.0,0.035
5.127987409,45.620221512,0.74842,2.27733e-08,8.168021479579599,1.35101e-07,4.71e-05,0.02,0.03,0.045,0.74074,0.055
0.078987,19.1175764,0.028546,8.77273e-09,0.1619648753164,0.0,7.4e-05,0.02,0.035,0.055,1.0,0.035
0.217649,14.591534,0.05257,-2.95385e-08,1.0596634531738,4.63021e-07,7.4e-05,0.02,0.035,0.055,1.0,0.035
0.545338,15.3458744,0.012641,-4.82974e-09,0.1680434630297,0.0,7.4e-05,0.02,0.035,0.055,1.0,0.035
11.364748,153.4701734,1.3740052,5.8014799999999e-09,16.60981831119515,1.19541e-07,4.71e-05,0.02,0.03,0.045,0.74074,0.055
2.493672,42.517368,0.353633,5.1700899999999896e-08,6.982627383214,6.32683e-08,7.4e-05,0.02,0.035,0.055,1.0,0.035
0.0,0.02895448,-0.00731,-3.3898300000000003e-10,0.02380006137936,0.0,7.4e-05,0.02,0.035,0.055,1.0,0.035
0.180487,11.4141608,0.029871,8.730989999999999e-09,0.4989369184946999,3.215e-07,7.4e-05,0.02,0.035,0.055,1.0,0.035
0.403729,1.0781734,-0.135417,-4.02857e-09,0.4009478628032,0.0,7.4e-05,0.02,0.035,0.055,1.0,0.035
1.000873,97.835664,0.138614,3.62645e-08,2.5195323884748,1.86916e-08,7.4e-05,0.02,0.035,0.055,1.0,0.035
0.4916,14.6372516,-0.3909,-7.87072899999999e-08,0.91826211051,6.24675e-08,7.4e-05,0.02,0.035,0.055,1.0,0.035
0.000591,3.4059612,-0.217547,-1.8717299999999e-09,0.4088209211776,0.0,7.4e-05,0.02,0.035,0.055,1.0,0.035
11.364748,87.8692272,1.3740052,1.15015e-08,16.60981831119515,3.24642e-07,7.4e-05,0.02,0.035,0.055,1.0,0.035
0.105754,8.1224936,0.016274,1.08878e-08,0.1015693472438,5.99813e-07,7.4e-05,0.02,0.035,0.055,1.0,0.035
0.005064,35.1720736,-0.035546,-1.02108e-08,0.4241681853926,0.0,7.4e-05,0.02,0.035,0.055,1.0,0.035
0.207105,5.562765176,-0.042906,-1.37358e-08,0.7954254294962999,0.0,4.71e-05,0.02,0.03,0.045,0.74074,0.055
1.360503,96.368891,-0.290411,-2.6083e-08,11.9190007262409,0.0,7.4e-05,0.02,0.035,0.055,1.0,0.035
1.329045221,0.7037767344,0.265119,9.683046749999992e-08,1.970575313496,1.79973e-09,1.281e-05,-0.031,0.413,0.375,0.00286,0.089
1.07414,58.3775654,0.096974,3.21201e-09,2.860745732649,5.01895e-07,7.4e-05,0.02,0.035,0.055,1.0,0.035
0.261856,0.4038388,0.018824,-4.64912e-10,0.079433872824,0.0,7.4e-05,0.02,0.035,0.055,1.0,0.035
0.493504,12.0046798,0.019573,6.45267e-09,0.08366901718304,6.37755e-08,7.4e-05,0.02,0.035,0.055,1.0,0.035
0.287945791,2.2301731044,-0.0021732,-2.28017e-08,0.100946669722,6.244819999999999e-07,4.71e-05,0.02,0.03,0.045,0.74074,0.055
4.3998,26.5238276,0.0404,-7.87072899999999e-08,4.9930575102362,0.0,1.03e-05,0.023,0.064,0.1325,0.21053,0.09
0.008595,0.02971644,-0.039394,-2.4216e-11,0.00108669744652,0.0,7.4e-05,0.02,0.035,0.055,1.0,0.035
1.810578,153.4701734,0.325065,9.683046749999992e-08,16.60981831119515,0.0,7.4e-05,0.02,0.035,0.055,1.0,0.035
1.968666,30.66889,0.286354,4.65857e-09,0.5890788590259001,0.0,7.4e-05,0.02,0.035,0.055,1.0,0.035
0.743733,8.1377328,0.076221,-4.79545e-08,1.0742376876339,0.0,7.4e-05,0.02,0.035,0.055,1.0,0.035
1.169645,36.8179072,0.122315,1.97900999999999e-08,1.0862423735295998,2.412140000000001e-07,7.4e-05,0.02,0.035,0.055,1.0,0.035
3.246831,129.1674592,0.496698,5.015e-08,7.706027184373799,5.51287e-08,7.4e-05,0.02,0.035,0.055,1.0,0.035
1.114142861,1.042437476,0.0505759,1.0393400000000001e-08,0.0978157006479999,8.561569999999997e-07,1.03e-05,0.023,0.064,0.1325,0.21053,0.09
11.364748,79.129546,1.3740052,5.370980000000001e-08,16.60981831119515,1.8715e-07,7.4e-05,0.02,0.035,0.055,1.0,0.035
0.0,4.6327168,-0.052599,-1.96101e-09,0.2006633485619,0.0,7.4e-05,0.02,0.035,0.055,1.0,0.035
0.292,5.4327748,-0.029652,-7.67742e-09,0.3614723854195,0.0,7.4e-05,0.02,0.035,0.055,1.0,0.035
0.054552,0.10392448636,-0.042273,-5.002789999999997e-10,0.01636764142512,0.0,7.4e-05,0.02,0.035,0.055,1.0,0.035
5.243,8.8463556,0.12,-2.9e-08,1.5857535050803,3.448279999999999e-07,7.4e-05,0.02,0.035,0.055,1.0,0.035
0.134637,3.4821572,-0.016192,-2.4052600000000002e-08,0.3738095784678,0.0,7.4e-05,0.02,0.035,0.055,1.0,0.035
0.0,2.9792636,-0.171631,6.125e-09,0.1726390937126,0.0,7.4e-05,0.02,0.035,0.055,1.0,0.035
5.533,153.4701734,1.156,6.68058999999999e-08,16.60981831119515,0.0,7.4e-05,0.02,0.035,0.055,1.0,0.035
0.0,2.5449464,-0.038775,-1.07418999999999e-08,0.1847425052416,0.0,7.4e-05,0.02,0.035,0.055,1.0,0.035
0.048386,0.38098,-0.160671,-2.92273e-10,0.06642691084,0.0,7.4e-05,0.02,0.035,0.055,1.0,0.035
11.364748,65.966687,1.3740052,2.69595999999999e-08,16.60981831119515,2.64716e-07,7.4e-05,0.02,0.035,0.055,1.0,0.035
0.631338,27.81154,0.211033,8.64859e-09,1.627166969815,3.73602e-07,7.4e-05,0.02,0.035,0.055,1.0,0.035
0.666163,14.2410324,0.094399,1.21038999999999e-08,0.4643687561035999,0.0,7.4e-05,0.02,0.035,0.055,1.0,0.035
2.05419,56.5069536,0.262618,1.80097e-08,3.2013676495667,3.531e-07,7.4e-05,0.02,0.035,0.055,1.0,0.035
11.364748,49.222616,1.3740052,2.13311e-08,16.60981831119515,1.55231e-07,7.4e-05,0.02,0.035,0.055,1.0,0.035
0.000455,0.442470172,-0.012053,-5.163789999999997e-10,0.0109928616866,0.0,7.4e-05,0.02,0.035,0.055,1.0,0.035
7.02735795,5.5127806,0.956183,2.76792e-08,12.513681612718,1.08516e-07,1.03e-05,0.023,0.064,0.1325,0.21053,0.09
0.013374,13.8981504,0.01201,-8.86341e-09,0.1284747826988,8.561569999999997e-07,7.4e-05,0.02,0.035,0.055,1.0,0.035
0.248963,10.934126,0.035344,2.28871e-08,0.8076612148121,1.69133e-07,7.4e-05,0.02,0.035,0.055,1.0,0.035
0.314976,153.4701734,0.015542,-7.87072899999999e-08,4.5684045476045,0.0,7.4e-05,0.02,0.035,0.055,1.0,0.035
1.936370886,7.8443782,-0.0189893,1.24798e-08,0.8167802057958,1.4549000000000001e-07,4.71e-05,0.02,0.03,0.045,0.74074,0.055
0.104809,4.609858,-0.019088,-1.41628e-08,0.06554665197824,0.0,7.4e-05,0.02,0.035,0.055,1.0,0.035
6.3533,126.3405876,0.0767,-7.87072899999999e-08,8.406841174466601,8.37421e-08,7.4e-05,0.02,0.035,0.055,1.0,0.035
0.254911,7.23862,-0.305121,-3.87755e-09,0.1085141493721,0.0,7.4e-05,0.02,0.035,0.055,1.0,0.035
0.004383,5.6461236,-0.095418,-1.23667e-08,0.7132183087692,0.0,7.4e-05,0.02,0.035,0.055,1.0,0.035
2.2095,119.1057774,0.3375,2.83438e-08,6.814053449728,4.89198999999999e-08,7.4e-05,0.02,0.035,0.055,1.0,0.035
0.987991,4.0688664,-0.194356,3.81429e-08,0.05722779214272,0.0,7.4e-05,0.02,0.035,0.055,1.0,0.035
4.397485,20.8700844,0.547442,1.5485900000000002e-08,4.2551595487027,1.82415e-07,7.4e-05,0.02,0.035,0.055,1.0,0.035
4.154919,21.5215602,0.30386,9.76531e-09,6.693356254863399,0.0,7.4e-05,0.02,0.035,0.055,1.0,0.035
2.863712,11.8789564,0.580182,5.2466700000000005e-09,1.965159454208,2.96696e-07,7.4e-05,0.02,0.035,0.055,1.0,0.035
1.346361,15.1858628,0.127972,1.29804999999999e-08,1.5214412526848,4.2021e-07,7.4e-05,0.02,0.035,0.055,1.0,0.035
11.364748,91.7628428,1.3740052,5.52248e-08,16.60981831119515,1.99352e-07,7.4e-05,0.02,0.035,0.055,1.0,0.035
0.0,0.9268938616,-0.0172888,-1.03688e-08,0.1110812040414999,0.0,4.71e-05,0.02,0.03,0.045,0.74074,0.055
0.201164,32.859525,0.060121,7.9925899999999e-09,0.3882057215411,2.08526e-07,7.4e-05,0.02,0.035,0.055,1.0,0.035
0.004646243,0.2362076,-0.00059795,-2.93433e-10,0.00064376933656,0.0,7.4e-05,0.02,0.035,0.055,1.0,0.035
1.438011,82.6193228,0.573817,7.01699e-08,5.7363091368346,0.0,7.4e-05,0.02,0.035,0.055,1.0,0.035
0.016537,7.3300552,0.00459,1.71786e-08,0.0515568956992,1.247399999999999e-07,7.4e-05,0.02,0.035,0.055,1.0,0.035
2.883e-06,7.6196e-05,-0.00471559,-3.0303e-12,1.615431396e-05,0.0,7.4e-05,0.02,0.035,0.055,1.0,0.035
2.115944,40.6658052,0.136378,2.24322e-08,1.3267584976844,3.47563e-07,7.4e-05,0.02,0.035,0.055,1.0,0.035
2.612011,50.8684496,-0.154865,-4.15991e-08,9.3989635179315,0.0,7.4e-05,0.02,0.035,0.055,1.0,0.035
2.2991,153.4701734,0.6103,4.2514399999999e-09,3.3287320553881,5.8788900000000006e-09,0.000115,0.087,0.023,0.0025,1.0,0.025
0.007427,4.9755988,-0.079818,-1.00303e-08,0.0590603608038399,0.0,7.4e-05,0.02,0.035,0.055,1.0,0.035
1.460993,6.724220804,0.492228,1.8586799999999998e-09,0.6803294254504,8.561569999999997e-07,4.71e-05,0.02,0.03,0.045,0.74074,0.055
0.257813,3.7259844,-0.023644,-1.48181999999999e-08,0.6040043997158,0.0,7.4e-05,0.02,0.035,0.055,1.0,0.035
0.258474,3.3678632,-0.604619,-3.675e-08,0.3944542568128,0.0,7.4e-05,0.02,0.035,0.055,1.0,0.035
0.283344,0.378998904,-0.011175,-1.18967e-11,0.00205000461456,0.0,7.4e-05,0.02,0.035,0.055,1.0,0.035
1.080449,32.9395308,-0.038276,-5.58701e-08,1.5150141627546,0.0,7.4e-05,0.02,0.035,0.055,1.0,0.035
0.137701,7.52778382,0.033782,3.0875e-08,0.493769927534,8.50202e-07,7.4e-05,0.02,0.035,0.055,1.0,0.035
0.355323754,0.9999277276,-0.00850491,-6.45356e-09,0.09590574275752,0.0,4.71e-05,0.02,0.03,0.045,0.74074,0.055
0.0,1.262262936,-0.061822,-7.094019999999e-10,0.04219593669792,0.0,7.4e-05,0.02,0.035,0.055,1.0,0.035
0.0,0.11162714,-0.0504814,-2.3279399999999e-09,0.01531758739696,0.0,4.71e-05,0.02,0.03,0.045,0.74074,0.055
0.738071,4.7317716,0.108626,6.531249999999999e-09,0.1790005575519,3.18979e-07,0.000115,0.087,0.023,0.0025,1.0,0.025
0.089453624,0.960602972,-0.00400648,-1.14052e-08,0.04886603929292,0.0,4.71e-05,0.02,0.03,0.045,0.74074,0.055
9.955,63.12457620000001,0.869,-2.09027e-09,16.60981831119515,2.11717e-07,7.4e-05,0.02,0.035,0.055,1.0,0.035
0.0,16.5002438,-0.053345,-7.87072899999999e-08,0.6035211829707999,0.0,7.4e-05,0.02,0.035,0.055,1.0,0.035
0.792882,16.3364224,-0.584369,2.32391e-08,1.1650777542042,0.0,7.4e-05,0.02,0.035,0.055,1.0,0.035
0.522396,5.200377,0.029647,-4.4933300000000006e-08,0.6010439473843,0.0,7.4e-05,0.02,0.035,0.055,1.0,0.035
0.0,51.4170608,-0.111862,-4.62113e-08,0.3344119551091,0.0,7.4e-05,0.02,0.035,0.055,1.0,0.035
0.81164,9.9130996,0.026175,1.90441e-08,0.4624302323327999,0.0,7.4e-05,0.02,0.035,0.055,1.0,0.035
0.090771,18.3175184,0.028298,8.37631e-09,0.1769908362387,2.82862e-07,7.4e-05,0.02,0.035,0.055,1.0,0.035
11.364748,22.2720908,1.3740052,1.1779400000000001e-08,16.60981831119515,6.95682e-07,7.4e-05,0.02,0.035,0.055,1.0,0.035
0.402257,13.220006,0.004145,-1.81735e-08,0.1416351851398,5.10949e-07,7.4e-05,0.02,0.035,0.055,1.0,0.035
4.253,47.987250252,0.2976,1.00839e-08,0.8398296299008,2.079079999999999e-07,7.4e-05,0.02,0.035,0.055,1.0,0.035
0.013856,9.486402,-0.249823,-1.7191800000000002e-08,0.8985111320011999,0.0,7.4e-05,0.02,0.035,0.055,1.0,0.035
0.756888,15.0410904,0.030374,5.97879e-08,2.1870798531276,7.60264e-07,7.4e-05,0.02,0.035,0.055,1.0,0.035
0.171535,1.447724,-0.096911,2.38462e-09,0.0408434790328,0.0,7.4e-05,0.02,0.035,0.055,1.0,0.035
2.6153,102.1293086,0.5498,2.79499e-08,7.4979867951104,2.85032e-08,7.4e-05,0.02,0.035,0.055,1.0,0.035
1.8418,13.8905308,0.2411,-7.27778e-09,2.3055781167718,6.54307e-07,7.4e-05,0.02,0.035,0.055,1.0,0.035
3.951,73.4300852,0.332,1.77535999999999e-08,2.0271770000589,0.0,7.4e-05,0.02,0.035,0.055,1.0,0.035
2.4756,20.439577,0.3229,6.63415e-08,1.0628294030693002,8.561569999999997e-07,7.4e-05,0.02,0.035,0.055,1.0,0.035
1.100484,2.0534822,0.0141,2.60442e-08,0.1045990404044,0.0,7.4e-05,0.02,0.035,0.055,1.0,0.035
2.303209,82.120239,0.272015,2.62909e-08,4.9190023130522,3.93161e-07,7.4e-05,0.02,0.035,0.055,1.0,0.035
1.345511,5.9995511264,-0.091003,-7.87072899999999e-08,4.5243525350175,0.0,4.71e-05,0.02,0.03,0.045,0.74074,0.055
1.272039,5.562308,0.265332,-8.939759999999999e-09,1.1867685243852,2.77628e-07,4.71e-05,0.02,0.03,0.045,0.74074,0.055
0.002686,2.354380204,-0.029401,-4.93548e-09,0.1598534658694,0.0,7.4e-05,0.02,0.035,0.055,1.0,0.035
0.0038,0.5962337,-0.046477,-5.364379999999997e-10,0.02942109211264,0.0,7.4e-05,0.02,0.035,0.055,1.0,0.035
3.294,9.486402,0.171,1.34468e-08,0.8085876606412,0.0,7.4e-05,0.02,0.035,0.055,1.0,0.035
0.0,22.3330476,-0.172919,-3.94708e-10,1.1371920175872,0.0,7.4e-05,0.02,0.035,0.055,1.0,0.035
0.008799623,1.6610728,-0.00937699,-2.49143e-10,0.00466709948304,0.0,7.4e-05,0.02,0.035,0.055,1.0,0.035
0.923921,95.3516744,0.108156,3.78973e-08,1.9932313772749,5.10204e-08,7.4e-05,0.02,0.035,0.055,1.0,0.035
0.509274,22.4168632,0.035759,-7.33666e-09,0.5637302907212,0.0,7.4e-05,0.02,0.035,0.055,1.0,0.035
0.01517953,0.13410496,-0.00754702,2.07242e-09,0.0032507042304,0.0,7.4e-05,0.02,0.035,0.055,1.0,0.035
3.780451,153.4701734,0.798095,8.94206999999999e-08,16.60981831119515,3.85624e-09,7.4e-05,0.02,0.035,0.055,1.0,0.035
0.009209335,0.5562308,-0.0395771,-4.114709999999e-10,0.04188267665488,0.0,7.4e-05,0.02,0.035,0.055,1.0,0.035
0.543704,15.4411194,-0.07831,-4.01176e-08,2.5722741624525,0.0,7.4e-05,0.02,0.035,0.055,1.0,0.035
0.146578,1.3791476,0.010159,2.34827e-08,0.06675612022976,0.0,7.4e-05,0.02,0.035,0.055,1.0,0.035
11.364748,153.4701734,1.3740052,7.63812e-08,16.60981831119515,0.0,7.4e-05,0.02,0.035,0.055,1.0,0.035
0.322418,10.4693304,0.166194,-7.87072899999999e-08,1.0848633844173,8.561569999999997e-07,7.4e-05,0.02,0.035,0.055,1.0,0.035
0.216669,17.9593972,0.065703,8.87054e-09,0.3771078290022,2.9838e-07,7.4e-05,0.02,0.035,0.055,1.0,0.035
11.364748,68.896347004,1.3740052,1.21085999999999e-08,16.60981831119515,4.87117e-07,4.71e-05,0.02,0.03,0.045,0.74074,0.055
4.9622,86.8291518,0.5084,4.78452e-08,3.8324825616998,7.89681e-08,7.4e-05,0.02,0.035,0.055,1.0,0.035
2.675907,153.4701734,0.550232,5.19967e-08,16.60981831119515,1.5335299999999998e-07,7.4e-05,0.02,0.035,0.055,1.0,0.035
3.007838,153.4701734,0.374098,2.87012e-08,8.862681781657601,5.50987e-08,7.4e-05,0.02,0.035,0.055,1.0,0.035
0.509923,9.90967078,0.045193,1.62875e-08,0.4444715300403,2.76285e-07,7.4e-05,0.02,0.035,0.055,1.0,0.035
0.0,0.35390603728,-0.00486656,-4.91739e-08,0.08811202346812,0.0,4.71e-05,0.02,0.03,0.045,0.74074,0.055
0.094715989,2.0110867456,0.0230962,7.74687e-09,0.1773323147084,0.0,4.71e-05,0.02,0.03,0.045,0.74074,0.055
0.801846,2.451758692,-0.044761,-1.01875e-08,0.4278981076019,0.0,7.4e-05,0.02,0.035,0.055,1.0,0.035
0.080645465,0.1866802,-0.00744357,-2.0825e-09,0.0262158738464,0.0,7.4e-05,0.02,0.035,0.055,1.0,0.035
0.514773,4.6936736,-0.053492,-1.08621e-08,1.420573061033,3.01587e-08,4.71e-05,0.02,0.03,0.045,0.74074,0.055
0.100506,18.0813108,0.033813,1.02284e-08,0.2017205223443,1.68563e-07,7.4e-05,0.02,0.035,0.055,1.0,0.035
0.982108,22.1692262,0.249324,3.14003e-08,1.8513432579891,3.89877e-07,7.4e-05,0.02,0.035,0.055,1.0,0.035
0.149677,22.7978432,0.052354,9.64856e-09,0.34805696411,3.77483e-07,7.4e-05,0.02,0.035,0.055,1.0,0.035
0.369472,0.0990548,-0.042417,-5e-10,0.0197557864764,0.0,7.4e-05,0.02,0.035,0.055,1.0,0.035
6.2541,4.7012932,0.237,1.71833e-08,0.5527827420339,0.0,7.4e-05,0.02,0.035,0.055,1.0,0.035
1.040371531,2.67676548,0.129112,-7.046460000000002e-08,1.4558933815706,0.0,4.71e-05,0.02,0.03,0.045,0.74074,0.055
0.340111,2.1601566,-0.001067,-1.3381000000000001e-08,0.2075934296229999,0.0,7.4e-05,0.02,0.035,0.055,1.0,0.035
1.006601,153.4701734,0.169924,3.41222e-08,2.9986025105408003,2.68593e-08,7.4e-05,0.02,0.035,0.055,1.0,0.035
0.341648858,0.74151737516,-0.0343773,-6.783350000000001e-08,0.1528386632378,0.0,4.71e-05,0.02,0.03,0.045,0.74074,0.055
0.387041,7.314816,-0.033905,-1.7316599999999e-09,0.09494558629408,0.0,7.4e-05,0.02,0.035,0.055,1.0,0.035
0.107338,12.0923052,0.004445,-5.30333e-08,0.3505414169817,0.0,7.4e-05,0.02,0.035,0.055,1.0,0.035
0.434588,16.0087796,0.322185,5.85833e-08,2.0787080256922,3.12945e-07,7.4e-05,0.02,0.035,0.055,1.0,0.035
3.747902,1.3220006,0.248797,-1.9079799999999999e-10,0.1906139861311,0.0,7.4e-05,0.02,0.035,0.055,1.0,0.035
0.231036,14.6753496,0.043663,-5.85152e-08,1.1524126867198998,4.29829e-07,7.4e-05,0.02,0.035,0.055,1.0,0.035
11.364748,153.4701734,1.3740052,2.87522e-08,16.60981831119515,7.36529e-08,7.4e-05,0.02,0.035,0.055,1.0,0.035
0.02802257,4.358487396,-0.0230108,-7.87072899999999e-08,0.09317966779808,0.0,4.71e-05,0.02,0.03,0.045,0.74074,0.055
3.345,8.7473008,-1.07663635,2.865e-09,3.6324127860736,3.4904e-07,7.4e-05,0.02,0.035,0.055,1.0,0.035
0.054962,1.88661296,-0.092135,-4.6e-09,0.4136172460288,0.0,7.4e-05,0.02,0.035,0.055,1.0,0.035
0.033055,2.000145,-0.178812,-1.0038500000000001e-08,0.5893747189503,0.0,4.71e-05,0.02,0.03,0.045,0.74074,0.055
0.074347138,1.828704,0.00114712,-2e-08,0.224398439136,0.0,7.4e-05,0.02,0.035,0.055,1.0,0.035
3.831,20.8929432,1.183,1.3019e-08,12.860128463913,1.820169999999999e-07,7.4e-05,0.02,0.035,0.055,1.0,0.035
0.012233,1.295332,-0.027839,-2.23634e-10,0.0306726845608,0.0,7.4e-05,0.02,0.035,0.055,1.0,0.035
0.247,11.753233,-0.246,-3.89141e-09,1.0745688049715,0.0,7.4e-05,0.02,0.035,0.055,1.0,0.035
5.736,15.5020762,0.338,-1.036e-08,2.3139948366541,4.82625e-07,7.4e-05,0.02,0.035,0.055,1.0,0.035
1.349089,48.0263388,0.119995,8.73901e-09,2.225136987689,0.0,7.4e-05,0.02,0.035,0.055,1.0,0.035
0.424309,2.8040128,0.028124,1.38889e-08,0.0873323806624,0.0,7.4e-05,0.02,0.035,0.055,1.0,0.035
0.0,1.1200812,-0.00950815,-2.4576300000000003e-09,0.0132326392968,0.0,7.4e-05,0.02,0.035,0.055,1.0,0.035
0.002,2.1792056,-0.036275,-2.1408099999999998e-09,0.07016017348192,0.0,7.4e-05,0.02,0.035,0.055,1.0,0.035
0.0,0.682411376,-0.009788,-5.81824e-10,0.01126279058836,0.0,7.4e-05,0.02,0.035,0.055,1.0,0.035
0.044623899,2.0725312,-0.000748148,-7.87072899999999e-08,0.06747042420352,0.0,7.4e-05,0.02,0.035,0.055,1.0,0.035
0.303914,5.9356684,-0.191638,4.7875000000000004e-08,0.2411911353753,0.0,7.4e-05,0.02,0.035,0.055,1.0,0.035
0.0,5.1127516,-0.001794,-5.4212999999999e-09,0.0454085459761599,0.0,7.4e-05,0.02,0.035,0.055,1.0,0.035
0.010591,0.041222036,-0.179097,-8.45312e-11,0.00022387756328,0.0,7.4e-05,0.02,0.035,0.055,1.0,0.035
11.364748,34.1662864,0.647,6.50289999999999e-08,16.60981831119515,2.4961e-07,7.4e-05,0.02,0.035,0.055,1.0,0.035
1.105696,35.3511342,0.018224,-2.86955e-08,4.9113687661362,0.0,7.4e-05,0.02,0.035,0.055,1.0,0.035
2.77642,153.4701734,0.647962,3.3181799999999995e-08,9.7334234338509,0.0,7.4e-05,0.02,0.035,0.055,1.0,0.035
10.422,153.4701734,1.3740052,4.38898999999999e-08,16.60981831119515,8.55811e-08,7.4e-05,0.02,0.035,0.055,1.0,0.035
0.004998802,0.04647956,-0.00840913,-8.11236e-11,0.00258319450612,0.0,7.4e-05,0.02,0.035,0.055,1.0,0.035
3.392,120.2449076,0.443,1.29594e-08,3.4143060396237,1.62728e-07,7.4e-05,0.02,0.035,0.055,1.0,0.035
0.648945,27.4077012,-0.093073,-2.54965e-08,3.1283973858918,0.0,7.4e-05,0.02,0.035,0.055,1.0,0.035
1.873850699,136.4403674,0.704682,1.7327e-08,6.9649259186176,2.41488e-07,1e-05,0.025,0.051,0.11,0.05882,0.035
0.815657,153.4701734,0.151769,5.85927e-08,4.6671592450867,2.1097e-08,7.4e-05,0.02,0.035,0.055,1.0,0.035
0.077367044,0.09219716,-0.0501023,-5.12712e-11,0.00420440232088,0.0,4.71e-05,0.02,0.03,0.045,0.74074,0.055
4.005013,78.8857188,0.124518,-7.87072899999999e-08,7.4832011137024,0.0,7.4e-05,0.02,0.035,0.055,1.0,0.035
11.364748,57.451784,1.3740052,-7.87072899999999e-08,16.60981831119515,0.0,7.4e-05,0.02,0.035,0.055,1.0,0.035
0.003623519,1.0743636,-0.0621811,-1.23478e-09,0.00499539299688,0.0,7.4e-05,0.02,0.035,0.055,1.0,0.035
1.691,10.4693304,-0.36,-1.50769e-08,1.521947437952,0.0,7.4e-05,0.02,0.035,0.055,1.0,0.035
0.879767,52.80801878,-0.161404,-9.08497e-09,3.4388631448371,4.4676300000000004e-07,7.4e-05,0.02,0.035,0.055,1.0,0.035
0.004600679,0.1676312,-0.00748246,-9.44304e-11,0.003925503626,0.0,7.4e-05,0.02,0.035,0.055,1.0,0.035
0.423359,14.6524908,0.015679,9.77551e-09,0.6265096990411999,5.8977e-07,7.4e-05,0.02,0.035,0.055,1.0,0.035
3.819173,153.4701734,1.34308,2.27182e-08,16.466204011151,0.0,7.4e-05,0.02,0.035,0.055,1.0,0.035
1.938349,79.2895576,0.597134,1.12843e-08,5.084664754708499,2.0981e-07,7.4e-05,0.02,0.035,0.055,1.0,0.035
0.119092,17.3193508,0.050238,8.3566199999999e-09,0.3083675771238,2.81566e-07,7.4e-05,0.02,0.035,0.055,1.0,0.035
0.460323,1.33343,-0.126105,2.4383599999998998e-09,0.04699900641904,0.0,7.4e-05,0.02,0.035,0.055,1.0,0.035
0.07108,1.3105712,-0.108325,-2.1066699999999e-09,0.2785933744601,0.0,7.4e-05,0.02,0.035,0.055,1.0,0.035
0.290705,16.1649814,-0.071377,-1.29024e-08,0.4897456083634999,0.0,7.4e-05,0.02,0.035,0.055,1.0,0.035
0.3174,7.0976574,0.0025,1.40303e-08,0.1886188213017,0.0,7.4e-05,0.02,0.035,0.055,1.0,0.035
0.431273,52.1256836,0.052343,1.9829e-08,0.3798044359206,1.69566e-07,7.4e-05,0.02,0.035,0.055,1.0,0.035
3.896,20.3862398,-0.052,-2.705e-08,4.1325761066189,2.21811e-07,7.4e-05,0.02,0.035,0.055,1.0,0.035
1.361773,59.3643036,0.424025,1.16756e-08,2.4830901702246,2.31981e-07,7.4e-05,0.02,0.035,0.055,1.0,0.035
4.159195,13.5095508,0.09082,2.42055e-08,1.3238049700454,0.0,7.4e-05,0.02,0.035,0.055,1.0,0.035
0.729331,4.647956,0.026876,-7.52639e-11,0.02045574731512,0.0,7.4e-05,0.02,0.035,0.055,1.0,0.035
8.152,19.9176344,-0.47,1.69295e-08,1.8892254221517,3.02916e-07,7.4e-05,0.02,0.035,0.055,1.0,0.035
1.430473,74.614933,0.094076,9.683046749999992e-08,4.7237895752499,0.0,7.4e-05,0.02,0.035,0.055,1.0,0.035
0.136647043,11.122787296,0.0454053,2.57199e-08,0.3576068990968,0.0,4.71e-05,0.02,0.03,0.045,0.74074,0.055
1.132479,47.1500848,0.623509,4.58854e-08,16.60981831119515,9.76781e-08,4.71e-05,0.02,0.03,0.045,0.74074,0.055
0.002179013,0.953745332,-0.0729913,-2.34848e-10,0.00368696976212,0.0,7.4e-05,0.02,0.035,0.055,1.0,0.035
0.027152218,8.0234388,-0.0279466,-8.50427e-09,0.2835274616793,0.0,7.4e-05,0.02,0.035,0.055,1.0,0.035
0.0,8.5644304,-0.178673,-1.28276e-08,0.4659332489497,0.0,7.4e-05,0.02,0.035,0.055,1.0,0.035
0.0,0.186070632,-0.0112795,-3.475740000000001e-12,0.00164064389044,0.0,7.4e-05,0.02,0.035,0.055,1.0,0.035
1.964159597,36.471672576,0.276277,9.683046749999992e-08,15.922292239072998,1.8341e-08,4.71e-05,0.02,0.03,0.045,0.74074,0.055
11.364748,20.3976692,0.467,4.21987e-09,6.4994730580173,3.03479e-07,7.4e-05,0.02,0.035,0.055,1.0,0.035
0.0,5.229026696,-0.00712418,-8.79221e-09,0.0184081078244,0.0,7.4e-05,0.02,0.035,0.055,1.0,0.035
3.1405e-05,0.40155292,-0.0372817,-7.17536e-10,0.03088319582176,0.0,7.4e-05,0.02,0.035,0.055,1.0,0.035
0.0,2.076341,-0.007508,-2.00721e-10,0.0052238034602,0.0,7.4e-05,0.02,0.035,0.055,1.0,0.035
0.959829,1.8439432,-0.362056,-9.23788e-11,1.2864527886847,0.0,7.4e-05,0.02,0.035,0.055,1.0,0.035
0.147455,1.1696086,-0.139905,-2.31343e-09,0.2924875260939999,0.0,7.4e-05,0.02,0.035,0.055,1.0,0.035
0.0,1.1657988,-0.076921,-9.20245e-10,0.06006172254016,0.0,7.4e-05,0.02,0.035,0.055,1.0,0.035
0.078487,1.9220441,0.013892,2.06667e-08,0.07711413741728,0.0,7.4e-05,0.02,0.035,0.055,1.0,0.035
0.445546611,5.9966252,0.0117562,2.92089e-08,0.363319327694,0.0,1.281e-05,-0.031,0.413,0.375,0.00286,0.089
0.467784,8.7168224,0.049285,4.58e-08,1.6289996725811,3.84279e-07,7.4e-05,0.02,0.035,0.055,1.0,0.035
11.364748,105.72195,1.3740052,1.03301e-08,16.60981831119515,2.01077e-07,7.4e-05,0.02,0.035,0.055,1.0,0.035
4.651873,137.4271056,0.182572,6.07273e-08,6.2030884174029,5.26724e-08,4.71e-05,0.02,0.03,0.045,0.74074,0.055
6.149121076,31.4079912,1.3740052,1.15566e-08,16.60981831119515,4.82507e-07,4.71e-05,0.02,0.03,0.045,0.74074,0.055
5.9313,16.4735752,0.1835,3.1561e-08,6.5482958461747,2.21709e-07,7.4e-05,0.02,0.035,0.055,1.0,0.035
-0.098507,15.6735172,-0.11336,-6.10417e-09,0.7643284398899,8.561569999999997e-07,7.4e-05,0.02,0.035,0.055,1.0,0.035
9.27,153.4701734,0.817,9.683046749999992e-08,16.60981831119515,1.24179999999999e-08,4.71e-05,0.02,0.03,0.045,0.74074,0.055
1.187778,16.9612296,0.372728,1.34639e-08,0.5975542924978999,8.42953e-07,7.4e-05,0.02,0.035,0.055,1.0,0.035
0.000178,0.210377156,-0.020378,-7e-10,0.01202025654828,0.0,7.4e-05,0.02,0.035,0.055,1.0,0.035
0.001229,1.4934416,-0.018191,-2.0947399999999997e-09,0.0214450746552,0.0,7.4e-05,0.02,0.035,0.055,1.0,0.035
1.483677,16.7326416,0.119211,9.27426e-09,0.4766058580864,3.503179999999999e-07,7.4e-05,0.02,0.035,0.055,1.0,0.035
1.089088,54.0839208,0.548137,1.4103600000000002e-08,5.152099555757999,3.14972e-07,7.4e-05,0.02,0.035,0.055,1.0,0.035
1.732228,38.6466112,0.476644,1.35251e-08,2.2396330023834,0.0,7.4e-05,0.02,0.035,0.055,1.0,0.035
0.020218,8.343462,-0.131218,-3.30183e-09,0.4336063949465,0.0,7.4e-05,0.02,0.035,0.055,1.0,0.035
1.022916,16.1040246,0.01786,-3.94444e-08,0.8521412454758001,0.0,7.4e-05,0.02,0.035,0.055,1.0,0.035
11.364748,1.2441130488,0.120816,9.683046749999992e-08,2.6239045019521,0.0,1.03e-05,0.023,0.064,0.1325,0.21053,0.09
0.366588,13.7457584,0.013421,4.6224499999999e-09,0.2282813141478,0.0,7.4e-05,0.02,0.035,0.055,1.0,0.035
8.139051,41.8773216,0.783839,6.71551e-09,4.8155567703654,9.09090999999999e-08,7.4e-05,0.02,0.035,0.055,1.0,0.035
0.095658,1.0743636,0.011563,6.21739e-09,0.2792829665472,0.0,4.71e-05,0.02,0.03,0.045,0.74074,0.055
1.328249,8.110378436,-0.167355,-8.9916e-09,1.8503829689446,0.0,7.4e-05,0.02,0.035,0.055,1.0,0.035
0.817627,51.9961504,0.209664,1.62209e-08,2.4436422453146,5.80215e-08,7.92e-06,0.013,0.092,0.13,0.00025,0.115
0.086071485,1.3829574,-0.00179281,-1.08235e-08,0.0434598515631999,0.0,7.4e-05,0.02,0.035,0.055,1.0,0.035
0.99212,7.0388036096,0.077482,8.82201e-09,0.2106797409834,0.0,4.71e-05,0.02,0.03,0.045,0.74074,0.055
0.003568,0.769503404,-0.021316,-1.24257e-09,0.02353849270272,0.0,7.4e-05,0.02,0.035,0.055,1.0,0.035
0.015846,0.8686344,-0.04648,-9.51622e-09,0.315313409422,0.0,7.4e-05,0.02,0.035,0.055,1.0,0.035
11.364748,153.4701734,1.3740052,3.19457999999999e-08,16.60981831119515,1.2682e-07,7.4e-05,0.02,0.035,0.055,1.0,0.035
0.006314,1.0362656,-0.078896,-5.94595e-10,0.057155229168,0.0,7.4e-05,0.02,0.035,0.055,1.0,0.035
0.004800931,3.3831024,-0.00900271,-2.0090499999998997e-09,0.01809262895384,0.0,7.4e-05,0.02,0.035,0.055,1.0,0.035
0.299482,6.3395072,-0.07875,-3.10075e-09,0.3833512439027,0.0,7.4e-05,0.02,0.035,0.055,1.0,0.035
1.957429001,0.8426210856,0.442733,6.532339999999899e-09,1.3307004771716,2.98826e-07,1e-05,0.025,0.051,0.11,0.05882,0.035
1.726966,27.2438798,-1.07663635,8.64146e-09,0.7546527914086,1.35478e-07,7.4e-05,0.02,0.035,0.055,1.0,0.035
4.542,1.57687622,-0.397,-9.324319999999999e-10,1.1085518796134,0.0,7.4e-05,0.02,0.035,0.055,1.0,0.035
0.701737,44.0260488,0.169764,1.80187999999999e-08,1.4401624308736,2.71399e-07,7.4e-05,0.02,0.035,0.055,1.0,0.035
0.961309709,11.1855728,0.00939581,4.73547999999999e-08,0.3676071509196,4.65259e-07,7.4e-05,0.02,0.035,0.055,1.0,0.035
0.044393,6.6214324,-0.054231,-4.20976e-09,0.1442525360268,0.0,7.4e-05,0.02,0.035,0.055,1.0,0.035
0.000102816,0.00076196,-0.00429986,-4.7619e-13,3.482233396e-05,0.0,7.4e-05,0.02,0.035,0.055,1.0,0.035
0.559987,59.0290412,0.080503,1.32201e-08,0.7745613798194999,3.6143e-08,7.4e-05,0.02,0.035,0.055,1.0,0.035
0.30913,36.8712444,0.070763,1.44671e-08,0.7030719274956,8.561569999999997e-07,7.4e-05,0.02,0.035,0.055,1.0,0.035
0.547474,31.1794032,-0.034826,-7.87072899999999e-08,1.8167207708979,0.0,7.4e-05,0.02,0.035,0.055,1.0,0.035
0.264376,29.3126012,-0.107431,-8.186199999999999e-09,1.39842214016,0.0,7.4e-05,0.02,0.035,0.055,1.0,0.035
6.5871,61.0101372,1.3740052,1.74816e-08,16.60981831119515,2.17273e-07,7.4e-05,0.02,0.035,0.055,1.0,0.035
1.154614,8.991128,0.066058,3.00417999999999e-08,1.3257597814733,9.32202999999999e-08,7.4e-05,0.02,0.035,0.055,1.0,0.035
0.332947998,8.049955008,0.131777,2.6388e-08,2.3292966164289,4.80408e-07,4.71e-05,0.02,0.03,0.045,0.74074,0.055
1.578181,8.838736,-0.050098,1.28242e-08,0.4747842250751999,0.0,7.4e-05,0.02,0.035,0.055,1.0,0.035
8.246,51.7447036,1.321,1.68504e-08,8.9368801541734,0.0,7.4e-05,0.02,0.035,0.055,1.0,0.035
0.0,3.276428,-0.252896,-2.2645499999999e-09,0.7288938619263,0.0,7.4e-05,0.02,0.035,0.055,1.0,0.035
1.5735,31.9566024,0.2662,4.70754e-09,4.1181192993382,0.0,7.4e-05,0.02,0.035,0.055,1.0,0.035
0.0,0.518437584,-0.028902,-2.58491e-10,0.01600981891344,0.0,7.4e-05,0.02,0.035,0.055,1.0,0.035
0.023364,0.5448014,-0.025286,-5.968819999999997e-10,0.02202506641584,0.0,7.4e-05,0.02,0.035,0.055,1.0,0.035
0.297408877,0.71904717476,-0.0424137,-1.34659e-09,0.07565457941652,0.0,4.71e-05,0.02,0.03,0.045,0.74074,0.055
-0.021382,6.2328328,-0.038208,9.683046749999992e-08,0.4612109500364,8.561569999999997e-07,7.4e-05,0.02,0.035,0.055,1.0,0.035
0.693776,21.2510644,0.010548,1.91986e-08,0.3306389242508,0.0,7.4e-05,0.02,0.035,0.055,1.0,0.035
2.109,66.4200532,-0.033,1.96676e-08,3.2434173082317,1.780209999999999e-07,7.4e-05,0.02,0.035,0.055,1.0,0.035
2.033015,8.38156,-0.064741,3.33939e-08,0.6590881827148001,0.0,7.4e-05,0.02,0.035,0.055,1.0,0.035
0.116845286,9.38696622,-0.0277001,-1.12757e-08,0.3746956373691,0.0,4.71e-05,0.02,0.03,0.045,0.74074,0.055
0.076492,0.699174496,-0.537352,-6.06467e-10,0.3539221298752,0.0,7.4e-05,0.02,0.035,0.055,1.0,0.035
7.9744e-05,2.9640244,-0.0226181,-6.22794e-09,0.00600668459592,0.0,7.4e-05,0.02,0.035,0.055,1.0,0.035
0.119511,13.0980924,0.018396,1.38629e-08,0.1250527289036,4.42118e-07,7.4e-05,0.02,0.035,0.055,1.0,0.035
1.099379,13.258104,0.245111,6.068969999999999e-08,2.7238907919565,0.0,4.71e-05,0.02,0.03,0.045,0.74074,0.055
1.274386183,0.9238841196,0.468032,1.11157e-08,1.0076631607592,5.031410000000001e-07,1.03e-05,0.023,0.064,0.1325,0.21053,0.09
0.073940226,1.080764064,-0.0017846,4.5063600000000004e-08,0.0212807854117599,0.0,7.4e-05,0.02,0.035,0.055,1.0,0.035
0.355504,7.5738824,0.098555,1.00606e-08,0.673405959726,5.42169e-07,7.4e-05,0.02,0.035,0.055,1.0,0.035
0.000144,0.684925844,-0.094721,4.332039999999e-10,0.06139579258656,0.0,7.4e-05,0.02,0.035,0.055,1.0,0.035
0.428125,60.2977046,0.236346,1.8479e-08,3.2880218858291,1.11266e-07,7.4e-05,0.02,0.035,0.055,1.0,0.035
0.311557,4.857495,0.032051,5.91328e-10,0.1930494785011,0.0,7.4e-05,0.02,0.035,0.055,1.0,0.035
0.557880041,75.893197096,0.0644907,3.12458e-08,0.9035011242256,0.0,4.71e-05,0.02,0.03,0.045,0.74074,0.055
2.772384,42.7916736,0.364767,2.12416e-08,4.910430128947199,0.0,7.4e-05,0.02,0.035,0.055,1.0,0.035
0.779168,10.0121544,0.051755,1.04286e-08,0.8542730754508,0.0,7.4e-05,0.02,0.035,0.055,1.0,0.035
1.0292,122.0393234,0.1248,2.18059e-08,2.5597137456026,7.292949999999999e-08,7.4e-05,0.02,0.035,0.055,1.0,0.035
0.490228,104.7771196,0.218006,2.41742e-08,0.7482814891417,7.20669e-08,7.4e-05,0.02,0.035,0.055,1.0,0.035
0.829035,29.830734,-0.057785,8.93836e-09,0.5963372534118,0.0,7.4e-05,0.02,0.035,0.055,1.0,0.035
0.006318016,4.3584112,-0.00548355,-1.22747e-09,0.0133441033773599,0.0,7.4e-05,0.02,0.035,0.055,1.0,0.035
0.021714,3.2307104,-0.080379,-2.66438e-08,0.3817504208038,0.0,7.4e-05,0.02,0.035,0.055,1.0,0.035
0.951674,1.412978624,-0.070615,-2.35e-09,0.1297575088326,0.0,7.4e-05,0.02,0.035,0.055,1.0,0.035
11.364748,15.29977582,1.3740052,-7.87072899999999e-08,16.60981831119515,1.97726e-07,4.71e-05,0.02,0.03,0.045,0.74074,0.055
11.364748,153.4701734,1.3740052,4.93357e-08,16.60981831119515,1.7625499999999998e-08,7.4e-05,0.02,0.035,0.055,1.0,0.035
11.364748,110.8194624,0.665,1.36213e-08,4.7966209549517,1.9527e-07,7.4e-05,0.02,0.035,0.055,1.0,0.035
1.421536527,13.867672,1.03307,1.41479999999999e-08,7.431865539952501,7.1978e-07,1.03e-05,0.023,0.064,0.1325,0.21053,0.09
11.364748,128.6112284,1.3740052,4.86281999999999e-08,16.60981831119515,7.11153e-08,7.4e-05,0.02,0.035,0.055,1.0,0.035
0.206554,1.6153552,-0.049364,-3.7321399999999e-09,0.09558298716896,0.0,7.4e-05,0.02,0.035,0.055,1.0,0.035
2.364350009,8.6787244,0.620675,2.24309e-08,2.6586580431155,0.0,1.03e-05,0.023,0.064,0.1325,0.21053,0.09
2.5336,14.991563,-1.07663635,1.6888899999999998e-08,2.5777392077824,0.0,7.4e-05,0.02,0.035,0.055,1.0,0.035
6.5653,36.6578956,0.3435,1.05539e-08,4.3073026781389,1.63365e-07,7.4e-05,0.02,0.035,0.055,1.0,0.035
0.014638,153.4701734,-0.495477,-1.13902999999999e-08,3.584220047401,0.0,7.4e-05,0.02,0.035,0.055,1.0,0.035
0.086546,9.78470934,-0.027645,-1.45505999999999e-08,0.4361025515238,0.0,7.4e-05,0.02,0.035,0.055,1.0,0.035
0.29521,35.3016068,-0.219879,-1.25378e-08,2.0681799573197,0.0,7.4e-05,0.02,0.035,0.055,1.0,0.035
11.364748,110.3775256,1.3740052,1.0761099999999998e-08,16.60981831119515,4.31645e-07,7.4e-05,0.02,0.035,0.055,1.0,0.035
6.457707,153.4244558,1.07598,9.30745e-09,5.5734809425509,1.00128e-07,7.4e-05,0.02,0.035,0.055,1.0,0.035
0.045688438,0.12800928,-0.0171006,-6.05756e-09,5.3760073056074,0.0,7.4e-05,0.02,0.035,0.055,1.0,0.035
1.82921,17.3993566,0.013155,-1.16858e-08,0.5323785504563,4.135830000000001e-07,7.4e-05,0.02,0.035,0.055,1.0,0.035
1.496864,40.7420012,0.13614,9.13621e-08,12.137245966541,0.0,7.4e-05,0.02,0.035,0.055,1.0,0.035
3.075233,10.167746632,0.077138,-1.05914e-08,1.2101896836296,0.0,4.71e-05,0.02,0.03,0.045,0.74074,0.055
11.364748,12.210409,1.3740052,1.51604e-08,16.60981831119515,7.81581e-07,7.4e-05,0.02,0.035,0.055,1.0,0.035
-0.002733267,3.0021224,-0.0166462,-1.6056899999999999e-09,0.0701836174671999,0.0,7.4e-05,0.02,0.035,0.055,1.0,0.035
0.0,0.30973674,-0.040913,-5.18159e-11,0.00575190422092,0.0,4.71e-05,0.02,0.03,0.045,0.74074,0.055
0.4532,19.315686,0.1209,1.47791e-08,0.7159764820555999,1.5735599999999998e-08,7.4e-05,0.02,0.035,0.055,1.0,0.035
0.257551,3.009742,0.035659,4.29348e-09,0.0390008403083199,0.0,7.4e-05,0.02,0.035,0.055,1.0,0.035
0.675906717,7.889867212000001,0.0493119,9.43171e-09,0.5220010690006,0.0,4.71e-05,0.02,0.03,0.045,0.74074,0.055
0.0,3.6040708,0.216869,-3.3333299999999997e-09,0.93516265152,0.0,7.4e-05,0.02,0.035,0.055,1.0,0.035
11.364748,153.4701734,1.3740052,2.3523800000000002e-08,16.60981831119515,7.64034e-08,7.4e-05,0.02,0.035,0.055,1.0,0.035
11.364748,43.1574144,1.3740052,2.52321e-08,16.60981831119515,2.05237e-07,7.4e-05,0.02,0.035,0.055,1.0,0.035
7.88258826,7.3414846,1.00224,-1.85876e-08,3.4156039805747,3.58842e-07,1.03e-05,0.023,0.064,0.1325,0.21053,0.09
0.744001,2.4725602,-0.040626,-5.65517e-09,0.1901107024076,6.097559999999999e-07,7.4e-05,0.02,0.035,0.055,1.0,0.035
5.5732,153.4701734,0.9561,3.2338099999999894e-08,16.60981831119515,1.11557e-07,7.4e-05,0.02,0.035,0.055,1.0,0.035
0.166446,24.2531868,0.002652,9.683046749999992e-08,0.9396946189209,0.0,7.4e-05,0.02,0.035,0.055,1.0,0.035
0.09199,11.78218748,0.02534,-1.6347400000000006e-08,0.0927638753696,0.0,7.4e-05,0.02,0.035,0.055,1.0,0.035
4.612716,153.4701734,0.893238,2.95363e-08,11.576398152212,1.26798e-07,7.4e-05,0.02,0.035,0.055,1.0,0.035
1.5897,24.058887,0.0162,2.0278500000000002e-08,0.6800412780851001,2.49688e-07,7.4e-05,0.02,0.035,0.055,1.0,0.035
0.045625,0.9753088,-0.085708,-2.13333e-09,0.00840932658436,0.0,7.4e-05,0.02,0.035,0.055,1.0,0.035
1.8745,13.2123864,-0.1337,-4.92115e-09,1.0571309663437,1.713309999999999e-07,7.4e-05,0.02,0.035,0.055,1.0,0.035
0.588299,14.517014312,-0.150042,1.68448e-08,2.5204585417114,8.561569999999997e-07,7.4e-05,0.02,0.035,0.055,1.0,0.035
0.087930214,17.506031,0.00490556,1.3204e-08,0.05194267299936,0.0,7.4e-05,0.02,0.035,0.055,1.0,0.035
11.364748,88.8140576,1.3740052,2.12501e-08,16.60981831119515,2.06132e-07,4.71e-05,0.02,0.03,0.045,0.74074,0.055
2.880124011,27.879964008,0.621676,1.12035e-08,3.622664129633,4.90836e-07,4.71e-05,0.02,0.03,0.045,0.74074,0.055
0.01084318,8.2063092,0.0055843,1.5608699999999998e-08,0.05100188708304,8.561569999999997e-07,7.4e-05,0.02,0.035,0.055,1.0,0.035
2.605232,52.6666752,0.372729,-9.51781e-09,2.5945291487744,8.27576e-08,7.4e-05,0.02,0.035,0.055,1.0,0.035
0.627213,72.2604766,0.042749,-7.87072899999999e-08,6.133917176565699,0.0,7.4e-05,0.02,0.035,0.055,1.0,0.035
11.364748,100.08801776,1.3740052,2.852e-08,16.60981831119515,1.03583e-07,4.71e-05,0.02,0.03,0.045,0.74074,0.055
0.300034,9.1663788,-0.030663,-7.87072899999999e-08,1.6132093255782,0.0,7.4e-05,0.02,0.035,0.055,1.0,0.035
0.001664,6.248072,-0.01328,-1.4669099999999e-09,0.01063253156456,0.0,7.4e-05,0.02,0.035,0.055,1.0,0.035
0.093216,2.221341988,-0.050498,-1.45178e-09,0.1099553144203999,0.0,7.4e-05,0.02,0.035,0.055,1.0,0.035
0.145151,12.2599364,0.01147,-6.2e-08,0.5268781501824,7.44417e-07,7.4e-05,0.02,0.035,0.055,1.0,0.035
5.256523,153.4701734,0.904569,2.1154e-08,9.2861171687833,0.0,7.4e-05,0.02,0.035,0.055,1.0,0.035
4.370309,10.2636012,1.3740052,8.18788e-09,8.2369197543424,4.2191e-07,7.4e-05,0.02,0.035,0.055,1.0,0.035
0.303102,19.81096,0.046822,2.04488e-08,0.5478106665369,1.69426e-07,7.4e-05,0.02,0.035,0.055,1.0,0.035
1.306956,25.3999366,0.01876,9.683046749999992e-08,3.6081623179469,1.19976e-07,4.71e-05,0.02,0.03,0.045,0.74074,0.055
0.500921,0.8724442,-0.018136,-1.91667e-08,0.03981556146656,0.0,7.4e-05,0.02,0.035,0.055,1.0,0.035
0.337041,153.4701734,0.152625,4.30911e-08,2.3694060308173,1.0000000000000001e-07,7.4e-05,0.02,0.035,0.055,1.0,0.035
0.516105,2.381125,-0.048649,-5.23333e-08,0.2447225090956,0.0,7.4e-05,0.02,0.035,0.055,1.0,0.035
0.0,3.8250392,-0.068459,-4.184870000000001e-09,0.2117916463525999,0.0,7.4e-05,0.02,0.035,0.055,1.0,0.035
1.684949,8.39032254,0.05132,2.50909e-08,0.6157087392664999,0.0,7.4e-05,0.02,0.035,0.055,1.0,0.035
0.130301,12.4885244,-0.006523,-7.46363999999999e-08,0.219735585294,0.0,7.4e-05,0.02,0.035,0.055,1.0,0.035
0.015664,0.07162424,-0.092202,-2.41026e-11,0.00250419830312,0.0,7.4e-05,0.02,0.035,0.055,1.0,0.035
11.364748,74.3368176,0.5628,6.36723e-09,5.548671037296599,3.722919999999999e-07,7.4e-05,0.02,0.035,0.055,1.0,0.035
4.091,36.7798092,1.3740052,2.97925e-08,16.60981831119515,1.81549e-07,7.4e-05,0.02,0.035,0.055,1.0,0.035
0.369006176,3.1739215212,-0.350344,-6.13968e-09,0.7871672247246,7.55997e-07,4.71e-05,0.02,0.03,0.045,0.74074,0.055
8.564614751,1.8896608,1.14559,-2.80972e-08,2.5058603146547,8.561569999999997e-07,1.03e-05,0.023,0.064,0.1325,0.21053,0.09
0.0,14.8734592,-0.072499,-2.94006e-09,0.1817730069209,0.0,7.4e-05,0.02,0.035,0.055,1.0,0.035
11.364748,87.7358842,1.149,3.18161999999999e-08,16.60981831119515,7.23751e-08,7.4e-05,0.02,0.035,0.055,1.0,0.035
0.439677,4.2212584,0.000828,-9.37288e-09,0.1191483922988,0.0,7.4e-05,0.02,0.035,0.055,1.0,0.035
0.000288,17.5098408,-0.225355,-4.790549999999899e-09,1.3369900721818,0.0,7.4e-05,0.02,0.035,0.055,1.0,0.035
1.185646,27.5524736,0.906093,8.98511e-09,4.2898649370419,3.79729e-07,7.4e-05,0.02,0.035,0.055,1.0,0.035
1.373632,32.649986,0.022848,2.5386e-08,0.2643590838822,0.0,7.4e-05,0.02,0.035,0.055,1.0,0.035
11.364748,49.1959474,1.3740052,2.04335e-08,16.60981831119515,3.30804e-07,7.4e-05,0.02,0.035,0.055,1.0,0.035
0.147892,34.631082,0.047466,1.03241999999999e-08,0.2872506298751999,2.11411e-07,7.4e-05,0.02,0.035,0.055,1.0,0.035
2.4469,100.673965,0.2469,3.33846e-08,5.2766851117466,0.0,7.4e-05,0.02,0.035,0.055,1.0,0.035
0.33246,11.280589212,0.151524,-4.28904e-09,0.5589915578547,0.0,7.4e-05,0.02,0.035,0.055,1.0,0.035
1.630936,153.4701734,0.376947,1.90907e-08,1.5052305475891,3.33748e-07,7.4e-05,0.02,0.035,0.055,1.0,0.035
5.018904,47.698696,0.387033,-3.43641e-08,2.6411292081766,2.0117e-07,7.4e-05,0.02,0.035,0.055,1.0,0.035
0.133618,15.4906468,-0.173722,-9.46262e-09,1.0832175508173,0.0,7.4e-05,0.02,0.035,0.055,1.0,0.035
11.364748,153.4701734,1.3740052,2.68923999999999e-08,16.60981831119515,6.63674e-08,7.4e-05,0.02,0.035,0.055,1.0,0.035
0.039628,12.3132736,-0.015258,-4.36757e-08,0.01625647603288,0.0,7.4e-05,0.02,0.035,0.055,1.0,0.035
1.84962,41.5801572,0.367957,1.40256e-08,4.2648767453389,3.65631e-07,7.4e-05,0.02,0.035,0.055,1.0,0.035
0.15211,0.061793127296,-0.039992,-1.81639e-09,0.02001924786168,0.0,4.71e-05,0.02,0.03,0.045,0.74074,0.055
2.664752,153.4701734,0.685316,2.9869900000000003e-08,11.449328679772,1.03952e-07,7.4e-05,0.02,0.035,0.055,1.0,0.035
0.105963,0.008457756,-0.046246,-6.89441e-12,0.0002879370643999,0.0,7.4e-05,0.02,0.035,0.055,1.0,0.035
0.0,37.9570374,-0.110986,-1.26445e-08,1.1283032482458,0.0,7.4e-05,0.02,0.035,0.055,1.0,0.035
0.5523,8.38156,-0.3574,-2.18431e-08,1.1517269471026998,7.54039e-07,7.4e-05,0.02,0.035,0.055,1.0,0.035
11.364748,153.4701734,1.3740052,1.1216500000000002e-08,15.449986858844,0.0,7.4e-05,0.02,0.035,0.055,1.0,0.035
11.364748,86.1243388,1.3740052,6.24094e-08,16.60981831119515,2.67394e-07,7.4e-05,0.02,0.035,0.055,1.0,0.035
0.336355,2.28588,-0.066725,8.22741e-09,0.3155885928,0.0,7.4e-05,0.02,0.035,0.055,1.0,0.035
11.364748,93.5420194,1.19552,6.44869e-08,16.60981831119515,0.0,7.4e-05,0.02,0.035,0.055,1.0,0.035
0.425817,14.1648364,0.238804,1.884e-08,2.7949771491532,6.050959999999999e-07,7.4e-05,0.02,0.035,0.055,1.0,0.035
0.192706947,30.745086,0.0273771,2.40179e-08,0.1136021647027,1.0904600000000001e-07,7.4e-05,0.02,0.035,0.055,1.0,0.035
0.717686,8.85473716,0.083494,6.85119e-09,0.45790416555,4.56994e-07,7.4e-05,0.02,0.035,0.055,1.0,0.035
6.972,34.5472664,0.705,2.15896e-08,6.9485266863309,0.0,7.4e-05,0.02,0.035,0.055,1.0,0.035
0.587389,1.9506176,0.055481,-1.85e-08,0.05985001957376,0.0,7.4e-05,0.02,0.035,0.055,1.0,0.035
2.912312,153.4701734,0.357283,9.16075e-09,0.93790570752,0.0,7.4e-05,0.02,0.035,0.055,1.0,0.035
0.915103,19.658568,0.105051,-7.87072899999999e-08,1.218939280215,0.0,7.4e-05,0.02,0.035,0.055,1.0,0.035
0.493629,32.8938132,0.188184,6.91936e-08,6.1070977450598,0.0,7.4e-05,0.02,0.035,0.055,1.0,0.035
7.103881517,2.18434883,1.3740052,2.00551e-08,16.60981831119515,1.669209999999999e-07,1.03e-05,0.023,0.064,0.1325,0.21053,0.09
11.364748,29.5411892,1.3740052,1.89463e-08,14.11587365503,1.33883e-07,7.4e-05,0.02,0.035,0.055,1.0,0.035
11.364748,153.4701734,1.3740052,9.683046749999992e-08,16.60981831119515,0.0,1.281e-05,-0.031,0.413,0.375,0.00286,0.089
6.608,88.9435908,1.216,3.25726e-08,16.60981831119515,5.36832e-07,7.4e-05,0.02,0.035,0.055,1.0,0.035
11.364748,96.8527356,1.3740052,2.1054500000000002e-08,16.60981831119515,3.15042e-07,7.4e-05,0.02,0.035,0.055,1.0,0.035
2.33986,4.1374428,-0.154346,2.9779399999999e-09,0.1974548995852,8.561569999999997e-07,7.4e-05,0.02,0.035,0.055,1.0,0.035
0.781571,153.4701734,0.147488,7.40548e-08,4.8460550666649,4.99444999999999e-08,7.4e-05,0.02,0.035,0.055,1.0,0.035
11.364748,38.28849,1.3740052,3.40989e-08,16.60981831119515,1.16868e-07,7.4e-05,0.02,0.035,0.055,1.0,0.035
0.303388,1.1962772,-0.001482,-7.8e-08,0.1491291166009,0.0,7.4e-05,0.02,0.035,0.055,1.0,0.035
0.020004,0.065223776,-0.082617,-2.3890600000000003e-12,0.0002223605009199,0.0,7.4e-05,0.02,0.035,0.055,1.0,0.035
0.00086,0.3962192,-0.079023,-9.42936e-11,0.01444975762672,0.0,7.4e-05,0.02,0.035,0.055,1.0,0.035
4.433993,98.4223732,1.24678,4.95267e-09,6.0903368682701,7.683490000000001e-07,7.4e-05,0.02,0.035,0.055,1.0,0.035
1.237683,0.0742911,-0.116349,-1.71353e-11,0.0018488083146,0.0,7.4e-05,0.02,0.035,0.055,1.0,0.035
0.728213,8.7320616,-0.025012,-5.95361e-09,0.2405534540991999,0.0,7.4e-05,0.02,0.035,0.055,1.0,0.035
0.598409,13.3381098,-0.093212,-1.90217e-08,1.7024896783154,0.0,7.4e-05,0.02,0.035,0.055,1.0,0.035
8.421172,134.8021534,1.3740052,5.4904e-08,16.60981831119515,6.25916e-08,7.4e-05,0.02,0.035,0.055,1.0,0.035
0.801545,8.1986896,-0.0095,-2.74872e-08,1.8489028403098,0.0,7.4e-05,0.02,0.035,0.055,1.0,0.035
0.343524,8.5949088,0.12558,4.2742e-09,0.4615706439218999,8.561569999999997e-07,0.000115,0.087,0.023,0.0025,1.0,0.025
0.0,0.5486112,-0.0362734,-5.68562e-11,0.0031814672110799,0.0,7.4e-05,0.02,0.035,0.055,1.0,0.035
0.905181,41.8849412,0.126775,4.1290999999999896e-08,2.0627831836057,0.0,7.4e-05,0.02,0.035,0.055,1.0,0.035
11.364748,142.3226986,1.3740052,-2.37528e-08,16.60981831119515,1.92185e-07,7.4e-05,0.02,0.035,0.055,1.0,0.035
2.059374,16.726774508,0.06511,8.18148e-08,1.2654189865114,4.52694e-07,7.4e-05,0.02,0.035,0.055,1.0,0.035
0.36675,19.628165796,0.11964,9.6e-09,1.0649182219264,8.561569999999997e-07,0.000115,0.087,0.023,0.0025,1.0,0.025
1.089,153.4701734,0.707,2.36588e-08,3.7301508216627,0.0,0.000115,0.087,0.023,0.0025,1.0,0.025
0.761831,8.387427092,0.057969,2.2510200000000002e-08,0.93785694208,0.0,7.4e-05,0.02,0.035,0.055,1.0,0.035
0.055019,1.257234,0.013426,3.29e-09,0.04644850860608,0.0,7.4e-05,0.02,0.035,0.055,1.0,0.035
11.364748,153.4701734,1.15981,3.6341099999999894e-08,16.60981831119515,0.0,7.4e-05,0.02,0.035,0.055,1.0,0.035
0.091207465,10.016116592,0.0579414,7.67536e-09,0.3821425246577999,0.0,4.71e-05,0.02,0.03,0.045,0.74074,0.055
11.364748,153.4701734,1.3740052,2.79002e-08,16.60981831119515,1.08144e-07,7.4e-05,0.02,0.035,0.055,1.0,0.035
1.495486,5.12722884,-0.070629,-7.87072899999999e-08,1.2083032451584002,0.0,7.4e-05,0.02,0.035,0.055,1.0,0.035
11.364748,114.5873546,1.3740052,7.5938299999999e-09,16.60981831119515,1.41877e-07,7.4e-05,0.02,0.035,0.055,1.0,0.035
-0.00333,9.6311744,-0.041899,-7.87072899999999e-08,0.6494079015168,0.0,7.4e-05,0.02,0.035,0.055,1.0,0.035
0.003546,2.9868832,-0.025814,-8.88393e-10,0.00254761097412,0.0,7.4e-05,0.02,0.035,0.055,1.0,0.035
0.243657,32.95477,-0.108521,-1.20333e-09,0.8876663808614,0.0,7.4e-05,0.02,0.035,0.055,1.0,0.035
1.139173,63.665567800000005,0.121902,-7.87072899999999e-08,3.2868175745229,0.0,7.4e-05,0.02,0.035,0.055,1.0,0.035
0.78325699,9.9207192,0.138943,1.02763e-08,0.3702065195507,8.561569999999997e-07,1e-05,0.025,0.051,0.11,0.05882,0.035
0.616327,19.1290058,0.076963,1.1947899999999998e-08,0.2885495705177,2.77668e-08,7.4e-05,0.02,0.035,0.055,1.0,0.035
0.053395,4.1222036,-0.001526,-8.77778e-09,0.0137559579965599,0.0,7.4e-05,0.02,0.035,0.055,1.0,0.035
0.477367,6.400464,0.008717,4.94118e-08,0.1916644424742,0.0,7.4e-05,0.02,0.035,0.055,1.0,0.035
0.017652336,0.4914642,-0.0216395,-1.03941e-09,0.01371951802152,0.0,7.4e-05,0.02,0.035,0.055,1.0,0.035
1.041814,85.3852376,0.109456,2.61822e-08,2.8816407483802,2.28449e-07,7.4e-05,0.02,0.035,0.055,1.0,0.035
1.043166,6.4080836,0.094655,9.683046749999992e-08,10.35046464,4.767579999999999e-07,7.4e-05,0.02,0.035,0.055,1.0,0.035
-0.015373,8.147181104,-0.021258,9.683046749999992e-08,0.2937849062425,8.561569999999997e-07,7.4e-05,0.02,0.035,0.055,1.0,0.035
0.030473,24.0703164,-0.143451,-6.1406599999999e-09,0.7269187640755,0.0,7.4e-05,0.02,0.035,0.055,1.0,0.035
0.431532,2.9830734,-0.087509,-1.995e-09,0.2386709374361,0.0,7.4e-05,0.02,0.035,0.055,1.0,0.035
2.281,65.3914072,0.9686,1.08277e-08,7.1986785688371,1.71769e-07,7.4e-05,0.02,0.035,0.055,1.0,0.035
0.299207,23.6169502,0.140674,1.04169e-08,0.7237083888639,1.36674e-07,7.4e-05,0.02,0.035,0.055,1.0,0.035
2.1645,0.073833924,-0.193,-1.6911e-11,0.00309450471628,0.0,7.4e-05,0.02,0.035,0.055,1.0,0.035
2.632,46.4643208,0.0576,-7.87072899999999e-08,4.313580155699101,0.0,7.4e-05,0.02,0.035,0.055,1.0,0.035
11.364748,2.6706698,1.16674,3.41709e-09,5.3794233604915,6.46552e-07,1.03e-05,0.023,0.064,0.1325,0.21053,0.09
0.182022,3.5354944,-0.03247,1.72962999999999e-08,0.2060832614771,0.0,7.4e-05,0.02,0.035,0.055,1.0,0.035
0.072423,11.467498,0.007661,8.699419999999999e-09,0.1622903236716,5.780729999999999e-07,7.4e-05,0.02,0.035,0.055,1.0,0.035
0.898981,16.934561,0.223684,2.04722e-08,1.8132342369997,4.52284e-08,7.4e-05,0.02,0.035,0.055,1.0,0.035
0.000364999,1.9963352,-0.0116941,-4.7221599999999e-09,0.06328761735296,0.0,7.4e-05,0.02,0.035,0.055,1.0,0.035
2.983475,153.4701734,0.608963,2.08699e-08,6.784548407910401,1.063949999999999e-07,7.4e-05,0.02,0.035,0.055,1.0,0.035
0.751039,23.9331636,0.123238,2.51436999999999e-08,1.7369231505613,1.1198900000000001e-07,7.4e-05,0.02,0.035,0.055,1.0,0.035
1.073432,47.3100964,0.635481,1.11813e-08,2.6946978489548,0.0,7.4e-05,0.02,0.035,0.055,1.0,0.035
1.490176,55.3678234,0.157849,-7.87072899999999e-08,4.7289438871962,1.24636e-08,7.4e-05,0.02,0.035,0.055,1.0,0.035
0.322785,0.641265536,-0.063188,-1.0783699999999999e-09,0.07210069054016,0.0,7.4e-05,0.02,0.035,0.055,1.0,0.035
1.64046,46.9100674,0.60488,1.75251e-08,10.2661277374459,5.808049999999999e-07,7.4e-05,0.02,0.035,0.055,1.0,0.035
2.230655404,0.67906865748,0.416264,7.2342199999999e-09,3.0674153924464,0.0,1.281e-05,-0.031,0.413,0.375,0.00286,0.089
0.865588,14.9496552,-0.331005,-1.27922e-08,4.8245978829414,0.0,7.4e-05,0.02,0.035,0.055,1.0,0.035
0.103608,7.0157467,-0.000575,-3.67755e-10,0.00438277944276,0.0,7.4e-05,0.02,0.035,0.055,1.0,0.035
0.485538,7.1357554,0.001981,4.44954e-09,0.303969617152,0.0,7.4e-05,0.02,0.035,0.055,1.0,0.035
2.60934,6.5223776,-0.975437,-3.43066e-10,1.1167484722995,0.0,7.4e-05,0.02,0.035,0.055,1.0,0.035
6.564,55.2344804,1.322,3.2266700000000004e-08,16.60981831119515,1.23967e-07,7.4e-05,0.02,0.035,0.055,1.0,0.035
1.250014,65.5361796,0.17514,3.30265e-08,2.0477763021619,1.18133e-07,7.4e-05,0.02,0.035,0.055,1.0,0.035
0.119684044,0.055546884,-0.0926509,-5.49265e-11,0.00760181280576,0.0,7.4e-05,0.02,0.035,0.055,1.0,0.035
0.815307,35.430835216,-0.870662,-6.74673e-09,2.6653658269184,0.0,7.4e-05,0.02,0.035,0.055,1.0,0.035
3.716073,69.5136108,0.362224,1.89346e-08,3.8235893059379,0.0,7.4e-05,0.02,0.035,0.055,1.0,0.035
0.0,29.7621576,-0.237524,-1.55221e-08,2.2549149209088,0.0,4.71e-05,0.02,0.03,0.045,0.74074,0.055
0.000119,1.9582372,-0.071381,-3.31615e-09,0.09385282593184,0.0,7.4e-05,0.02,0.035,0.055,1.0,0.035
3.119860952,1.2130098416,0.830935,1.49106e-08,3.7554721079896,6.45864e-07,1e-05,0.025,0.051,0.11,0.05882,0.035
11.364748,153.4701734,0.6948,2.0687000000000002e-08,7.7029709567181,3.32272e-08,7.4e-05,0.02,0.035,0.055,1.0,0.035
0.0,0.393323752,-0.013438,-2.24435e-09,0.02319434127736,0.0,7.4e-05,0.02,0.035,0.055,1.0,0.035
0.027498539,3.390722,0.00178732,9.79986e-09,0.02168007226272,0.0,7.4e-05,0.02,0.035,0.055,1.0,0.035
6.8256,19.7119052,0.4512,4.783330000000001e-08,13.400942655242,0.0,7.4e-05,0.02,0.035,0.055,1.0,0.035
0.741296,5.2041868,0.019566,-3.12273e-08,0.5638007567819999,3.78457e-07,7.4e-05,0.02,0.035,0.055,1.0,0.035
2.9762,54.9601748,0.0957,8.92439e-08,0.8841498074520999,4.2088e-07,7.4e-05,0.02,0.035,0.055,1.0,0.035
0.281544,10.9607946,0.020158,9.683046749999992e-08,0.2626940854642999,0.0,7.4e-05,0.02,0.035,0.055,1.0,0.035
0.071819,5.0365556,-0.029896,-3.9294099999999e-09,0.1470523184249,0.0,7.4e-05,0.02,0.035,0.055,1.0,0.035
1.0029,2.1009675472,0.0441,2.61648e-08,1.4942916669586,0.0,4.71e-05,0.02,0.03,0.045,0.74074,0.055
0.047894427,0.48994028,-0.0123071,-5e-10,0.0108847090842,0.0,7.4e-05,0.02,0.035,0.055,1.0,0.035
0.0,2.8116324,-0.008675,-3.446239999999e-10,0.0024200306776,0.0,7.4e-05,0.02,0.035,0.055,1.0,0.035
1.677403,29.0459152,0.415658,3.64476e-08,12.137590835732,2.50849e-07,7.4e-05,0.02,0.035,0.055,1.0,0.035
11.364748,151.5995616,1.0885,2.02994999999999e-08,7.8518420919500995,1.4303599999999998e-07,7.4e-05,0.02,0.035,0.055,1.0,0.035
11.364748,78.8400012,1.3740052,1.84592e-08,16.60981831119515,3.26578e-07,7.4e-05,0.02,0.035,0.055,1.0,0.035
11.364748,137.7547484,1.0326,7.77074e-09,5.466001132544,0.0,7.4e-05,0.02,0.035,0.055,1.0,0.035
0.067033,2.7087678,-0.213019,-1.1756799999999994e-09,0.2234094272473,0.0,7.4e-05,0.02,0.035,0.055,1.0,0.035
0.146841547,1.699018408,0.00896775,3.63333e-08,0.02437547680824,0.0,7.4e-05,0.02,0.035,0.055,1.0,0.035
0.867493,37.9608472,0.279405,4.8104799999999896e-08,8.5651057038131,3.159769999999999e-07,7.4e-05,0.02,0.035,0.055,1.0,0.035
1.913,46.441462,0.3537,5.36053e-08,6.002187678679,0.0,7.4e-05,0.02,0.035,0.055,1.0,0.035
11.364748,18.706118,0.972,8.46552e-08,7.0160477046784,1.83299e-07,7.4e-05,0.02,0.035,0.055,1.0,0.035
0.481166,3.0211714,-0.025972,-3.5765799999999e-09,0.1512038910112,0.0,7.4e-05,0.02,0.035,0.055,1.0,0.035
8.2749,39.4085712,0.3049,1.43463999999999e-08,2.4745154503168,1.304519999999999e-07,7.4e-05,0.02,0.035,0.055,1.0,0.035
0.878952,21.2053468,0.237753,1.27660999999999e-08,2.5271472094618,3.30579e-07,7.4e-05,0.02,0.035,0.055,1.0,0.035
1.894195,153.4701734,0.486475,9.683046749999992e-08,16.60981831119515,4.86492e-08,7.4e-05,0.02,0.035,0.055,1.0,0.035
0.0,0.586861592,-0.120894,-4.46369e-10,0.0677032913708799,0.0,7.4e-05,0.02,0.035,0.055,1.0,0.035
0.504246,4.3126936,0.19012,1.49737e-08,0.4474117447142,4.42882e-07,7.4e-05,0.02,0.035,0.055,1.0,0.035
3.579,83.0612596,0.337,-4.29055e-09,5.5889930339533,7.977520000000002e-08,7.4e-05,0.02,0.035,0.055,1.0,0.035
11.364748,29.98007816,1.15906,3.77333e-08,9.1070481323622,0.0,7.4e-05,0.02,0.035,0.055,1.0,0.035
0.517439,20.039548,0.151279,2.139020000000001e-08,1.7093574127616,2.736600000000001e-07,7.4e-05,0.02,0.035,0.055,1.0,0.035
0.00095,0.028087826696,-0.004874,-1.39823e-10,0.00320313201976,0.0,4.71e-05,0.02,0.03,0.045,0.74074,0.055
0.012198,1.579466884,0.002987,2.06e-08,0.02303905230544,0.0,7.4e-05,0.02,0.035,0.055,1.0,0.035
11.364748,61.0291862,1.3740052,1.52835e-08,16.60981831119515,9.97744e-08,7.4e-05,0.02,0.035,0.055,1.0,0.035
0.0,0.252894524,-0.0143759,-8.968800000000002e-09,0.138200037824,0.0,4.71e-05,0.02,0.03,0.045,0.74074,0.055
11.364748,32.2842452,-1.07663635,1.063e-08,16.60981831119515,4.89182e-07,7.4e-05,0.02,0.035,0.055,1.0,0.035
1.390305,11.4065412,0.280335,2.16285999999999e-08,2.7460451264102,6.67107e-07,7.4e-05,0.02,0.035,0.055,1.0,0.035
0.673825,6.3318876,-0.092489,-8.30303e-09,0.9935744807372,0.0,7.4e-05,0.02,0.035,0.055,1.0,0.035
0.031726192,1.0591244,-0.00793986,-1.06923e-08,0.04189122889392,0.0,7.4e-05,0.02,0.035,0.055,1.0,0.035
0.369720403,2.5904201728,0.356577,2.6893e-09,1.0676111028604,8.561569999999997e-07,1.03e-05,0.023,0.064,0.1325,0.21053,0.09
0.003641,1.219136,-0.202107,-2.35294e-09,0.440707910912,0.0,7.4e-05,0.02,0.035,0.055,1.0,0.035
1.280257,0.9562598,-0.129516,-8.98551e-10,0.05081019623408,0.0,7.4e-05,0.02,0.035,0.055,1.0,0.035
0.353962,17.9974952,0.158936,6.84638e-09,0.3473012704691,0.0,7.4e-05,0.02,0.035,0.055,1.0,0.035
11.364748,153.4701734,1.1444,8.5161099999999e-09,6.431692607529,6.32734e-08,7.4e-05,0.02,0.035,0.055,1.0,0.035
2.434131531,22.593790312,0.910486,9.98115e-09,5.346782351142299,5.56781e-07,4.71e-05,0.02,0.03,0.045,0.74074,0.055
11.364748,29.9031202,1.3740052,1.09749e-08,16.60981831119515,2.43655e-07,7.4e-05,0.02,0.035,0.055,1.0,0.035
0.224134,26.022000744,0.063707,1.11613e-08,0.4408595714304,2.36994e-07,7.4e-05,0.02,0.035,0.055,1.0,0.035
0.000114,0.0438127,-0.034023,-7.82245e-12,0.00186615357204,0.0,7.4e-05,0.02,0.035,0.055,1.0,0.035
0.0,1.1848478,-0.0485474,-2.80582e-09,0.1340619732646,0.0,4.71e-05,0.02,0.03,0.045,0.74074,0.055
0.010116,0.769046228,-0.067576,-1.67889e-09,0.1549082113644,0.0,4.71e-05,0.02,0.03,0.045,0.74074,0.055
0.514,7.909068603999999,0.415,2.77105e-08,6.1885613878886,8.561569999999997e-07,7.4e-05,0.02,0.035,0.055,1.0,0.035
0.266491,2.5487562,0.00466,1.00606e-08,0.1246148030611,5.42169e-07,7.4e-05,0.02,0.035,0.055,1.0,0.035
0.448646,4.990761804,-0.037595,-4.61348e-09,0.1121823467256999,0.0,7.4e-05,0.02,0.035,0.055,1.0,0.035
2.340428,56.6441064,0.081994,5.7991999999999895e-08,1.5678578565018,2.55582e-07,7.4e-05,0.02,0.035,0.055,1.0,0.035
0.747447,1.257234,-0.072746,-2.11538e-09,0.4383270846003,0.0,7.4e-05,0.02,0.035,0.055,1.0,0.035
0.413445,13.600986,0.150623,3.98226e-09,0.5690883934412,4.8441e-07,0.000115,0.087,0.023,0.0025,1.0,0.025
0.742836424,2.590664,0.0466433,5.63333e-08,0.265068986775,0.0,7.4e-05,0.02,0.035,0.055,1.0,0.035
11.364748,28.021079,1.3740052,1.08325e-08,16.60981831119515,4.30978e-07,4.71e-05,0.02,0.03,0.045,0.74074,0.055
2.6188e-05,0.541067796,-0.00820404,-7.99348e-09,0.05645609734176,0.0,4.71e-05,0.02,0.03,0.045,0.74074,0.055
0.065141,15.810669999999998,0.0297,8.0542599999999e-09,0.1893707234297,2.598650000000001e-07,7.4e-05,0.02,0.035,0.055,1.0,0.035
9.113448,98.8033532,0.91737,1.91574999999999e-08,13.9439196913659,1.10137e-07,7.4e-05,0.02,0.035,0.055,1.0,0.035
1.10577,6.724297,0.071701,2.2375e-08,1.4012896455629,1.34078e-07,7.4e-05,0.02,0.035,0.055,1.0,0.035
0.968809,27.0724388,0.226785,1.20542e-08,2.0237704414822,3.09336e-07,7.4e-05,0.02,0.035,0.055,1.0,0.035
0.169188,0.595700328,-0.148074,-1.98475e-10,0.0120665052344,0.0,7.4e-05,0.02,0.035,0.055,1.0,0.035
0.045124,3.3831024,-0.012558,-3.49606e-09,0.03927240590016,0.0,7.4e-05,0.02,0.035,0.055,1.0,0.035
0.924222,12.6942536,-0.014305,-7.87072899999999e-08,2.7508192629862,0.0,7.4e-05,0.02,0.035,0.055,1.0,0.035
0.0,16.2449872,-0.03897,-1.90182e-09,0.1956530043859,0.0,7.4e-05,0.02,0.035,0.055,1.0,0.035
8.457519,153.4701734,1.3740052,9.47092e-08,16.60981831119515,1.83417e-07,7.4e-05,0.02,0.035,0.055,1.0,0.035
0.258788,8.6063382,0.104745,-5.661689999999999e-09,0.4143573103462,0.0,7.4e-05,0.02,0.035,0.055,1.0,0.035
0.69952,15.10319014,0.041628,9.683046749999992e-08,1.8799997811507,0.0,7.4e-05,0.02,0.035,0.055,1.0,0.035
0.021281,5.1584692,-0.014322,-1.4390499999998994e-09,0.03325597888368,0.0,7.4e-05,0.02,0.035,0.055,1.0,0.035
0.0,2.5297072,-0.083836,-1.62255e-09,0.1002965631641,0.0,7.4e-05,0.02,0.035,0.055,1.0,0.035
0.08922,3.117102164,-0.019022,-4.3092800000000015e-09,0.4910994345087999,0.0,7.4e-05,0.02,0.035,0.055,1.0,0.035
3.343137,60.6824944,0.263165,6.51371e-08,10.7450488323279,4.85329e-07,7.4e-05,0.02,0.035,0.055,1.0,0.035
8.899,17.1517196,1.3740052,8.09712e-09,5.5501761338368,0.0,7.4e-05,0.02,0.035,0.055,1.0,0.035
0.235442,4.9984576,-0.047742,-7.51321e-09,0.4175826565478,0.0,7.4e-05,0.02,0.035,0.055,1.0,0.035
0.515391,0.0533372,-0.33493,-6.97211e-12,0.0022028530286,0.0,7.4e-05,0.02,0.035,0.055,1.0,0.035
0.741494,5.2422848,0.10857,3.12727e-08,1.1342626776064,0.0,7.4e-05,0.02,0.035,0.055,1.0,0.035
0.078532,1.009597,-0.088589,-2.62745e-09,0.1849157688499,0.0,7.4e-05,0.02,0.035,0.055,1.0,0.035
10.3674,75.6588182,0.9989,1.25394e-08,4.924314625024,1.7367e-07,7.4e-05,0.02,0.035,0.055,1.0,0.035
0.298762,2.399335844,-0.154911,-2.5245899999999e-09,0.1633527763129,0.0,7.4e-05,0.02,0.035,0.055,1.0,0.035
0.640369,2.27787942,0.083419,1.04482999999999e-08,0.2728375651942,0.0,7.4e-05,0.02,0.035,0.055,1.0,0.035
0.732659,109.56451428,0.367785,1.91125e-08,2.7533439473459,8.507620000000001e-08,7.4e-05,0.02,0.035,0.055,1.0,0.035
0.012209822,3.946952800000001,0.00222584,2.71053e-08,0.04446952780704,5.6699e-07,7.4e-05,0.02,0.035,0.055,1.0,0.035
0.969128,51.7066056,-0.003505,9.683046749999992e-08,3.6383457845658,3.481789999999999e-07,7.4e-05,0.02,0.035,0.055,1.0,0.035
0.000238,5.4746826,-0.198093,-4.55808e-10,0.4006701192396,0.0,7.4e-05,0.02,0.035,0.055,1.0,0.035
0.291022,11.461326124,-0.007508,-4.36994e-09,0.2378717937881,0.0,7.4e-05,0.02,0.035,0.055,1.0,0.035
4.715118,48.3920796,0.464115,9.683046749999992e-08,16.60981831119515,2.11466e-07,7.4e-05,0.02,0.035,0.055,1.0,0.035
0.050245,13.4790724,0.005778,8.18981e-10,0.2177139895961,0.0,7.4e-05,0.02,0.035,0.055,1.0,0.035
0.702356,10.0273936,0.061328,4.7142899999999896e-08,0.6196387460761,0.0,7.4e-05,0.02,0.035,0.055,1.0,0.035
0.057009,3.4021514,0.002955,9.683046749999992e-08,0.09088813710272,0.0,7.4e-05,0.02,0.035,0.055,1.0,0.035
0.854671982,29.913482856,0.305856,1.60316e-08,2.8922582967633,2.53269e-07,4.71e-05,0.02,0.03,0.045,0.74074,0.055
11.364748,141.5302602,1.3740052,1.38541e-08,16.60981831119515,7.35176e-08,7.4e-05,0.02,0.035,0.055,1.0,0.035
11.364748,37.1912676,1.3740052,1.22124e-08,10.072734145618,7.60736e-07,7.4e-05,0.02,0.035,0.055,1.0,0.035
1.211797,2.0153842,0.03104,-1.3e-08,1.0050095862938,0.0,7.4e-05,0.02,0.035,0.055,1.0,0.035
11.364748,153.4701734,1.3740052,1.6839e-08,12.762095104819,2.00822e-07,7.4e-05,0.02,0.035,0.055,1.0,0.035
0.129475,7.840568400000001,0.010924,-7.87072899999999e-08,0.1012107627721,0.0,7.4e-05,0.02,0.035,0.055,1.0,0.035
0.000916154,0.88539752,-0.0315523,-1.8e-09,0.0490393341416,0.0,7.4e-05,0.02,0.035,0.055,1.0,0.035
6.497,7.8558076,-0.149,9.88785e-09,0.9767282644275,8.561569999999997e-07,7.4e-05,0.02,0.035,0.055,1.0,0.035
1.259729,20.76341,0.495174,2.42478e-08,6.2569496508211,2.94161e-07,7.4e-05,0.02,0.035,0.055,1.0,0.035
0.147335947,5.9661468,0.0216116,9.683046749999992e-08,0.3882702626009,0.0,7.4e-05,0.02,0.035,0.055,1.0,0.035
6.730953,153.4701734,0.887438,2.69374e-08,8.6546772837581,1.38893e-07,7.4e-05,0.02,0.035,0.055,1.0,0.035
1.567824,9.258880744,0.00307,-3.68181999999999e-08,1.1204170963506002,0.0,7.4e-05,0.02,0.035,0.055,1.0,0.035
0.306306,28.897333,0.095798,1.09971e-08,0.6907994218035,2.43193e-07,7.4e-05,0.02,0.035,0.055,1.0,0.035
0.02783864,0.9295912,0.000101327,2.06667e-08,0.03410512234688,0.0,7.4e-05,0.02,0.035,0.055,1.0,0.035
0.317435,14.2372226,-0.035601,-1.36594e-08,0.6720865619814,0.0,7.4e-05,0.02,0.035,0.055,1.0,0.035
6.5069,153.4701734,1.0277,3.71982e-08,16.60981831119515,1.50922e-07,7.4e-05,0.02,0.035,0.055,1.0,0.035
0.793724,20.7329316,0.051084,6.75186e-09,0.3399329831641,8.15877e-07,7.4e-05,0.02,0.035,0.055,1.0,0.035
0.085011,9.9130996,-0.109647,-2.75641e-09,0.417481273198,0.0,7.4e-05,0.02,0.035,0.055,1.0,0.035
3.8049,75.879253228,0.4097,1.7874899999999997e-08,3.4080632830566,0.0,7.4e-05,0.02,0.035,0.055,1.0,0.035
0.280017,5.722243404,0.161028,-4.4799999999999994e-09,1.7368382986956,0.0,7.4e-05,0.02,0.035,0.055,1.0,0.035
0.0,1.104842,-0.137288,-5.257349999999e-10,0.09104009021376,0.0,7.4e-05,0.02,0.035,0.055,1.0,0.035
0.194234,5.92766782,0.044165,-1.17205e-08,0.783732549824,8.258060000000001e-07,7.4e-05,0.02,0.035,0.055,1.0,0.035
0.001844,1.310647396,-0.072195,-1.0176499999999999e-09,0.0632493547696,0.0,7.4e-05,0.02,0.035,0.055,1.0,0.035
0.398489,39.926704,-0.081929,-2.03668e-08,1.4486965779354,0.0,7.4e-05,0.02,0.035,0.055,1.0,0.035
0.602354,110.7661252,0.021455,6.9823e-08,6.2036228866253,0.0,7.4e-05,0.02,0.035,0.055,1.0,0.035
11.364748,104.1142144,0.793,-1.02924e-08,16.60981831119515,3.2563e-07,7.4e-05,0.02,0.035,0.055,1.0,0.035
0.005982717,6.1871152,-0.0190104,-4.3555399999999997e-11,0.03981686898992,0.0,7.4e-05,0.02,0.035,0.055,1.0,0.035
0.165573,5.6727922,-0.149575,-1.4625e-08,1.2168764045722,0.0,7.4e-05,0.02,0.035,0.055,1.0,0.035
0.470975,10.27922138,0.037124,2.03636e-08,0.3076396310182,0.0,7.4e-05,0.02,0.035,0.055,1.0,0.035
0.00182,0.198185796,-0.074633,-1.70321e-10,0.01297258844448,0.0,7.4e-05,0.02,0.035,0.055,1.0,0.035
1.379633,23.8569676,0.79812,2.26873e-09,3.6078178388786,0.0,7.4e-05,0.02,0.035,0.055,1.0,0.035
0.174367037,153.4701734,0.00790609,1.5711e-08,0.4468818198212,0.0,4.71e-05,0.02,0.03,0.045,0.74074,0.055
0.38925,22.401624,-0.069157,-4.06389e-08,2.473699311913,0.0,7.4e-05,0.02,0.035,0.055,1.0,0.035
1.57878465,153.4701734,0.986137,1.50362e-08,6.538378126049301,6.230900000000001e-07,1e-05,0.025,0.051,0.11,0.05882,0.035
0.009572,0.339757964,-0.042705,-2.64371e-10,0.0140328877868,0.0,7.4e-05,0.02,0.035,0.055,1.0,0.035
0.000107,5.8213744,-0.031535,-5.731339999999999e-09,0.1942511077081,0.0,7.4e-05,0.02,0.035,0.055,1.0,0.035
0.12548,3.847898,0.00216,-2.62479e-11,0.02642659540832,0.0,7.4e-05,0.02,0.035,0.055,1.0,0.035
3.9876,61.2920624,0.9074,4.14461999999999e-08,14.23642962518,0.0,7.4e-05,0.02,0.035,0.055,1.0,0.035
11.364748,93.4620136,1.3740052,1.50258e-08,16.60981831119515,1.0779e-07,7.4e-05,0.02,0.035,0.055,1.0,0.035
0.008134453,2.1411076,0.00287276,-6.6666699999999e-09,0.1365125219641,8.561569999999997e-07,7.4e-05,0.02,0.035,0.055,1.0,0.035
11.364748,13.200957,1.3740052,1.07963e-08,9.2549408378061,6.70097e-07,7.4e-05,0.02,0.035,0.055,1.0,0.035
0.021158,2.3468368,-0.033627,-7.89744e-10,0.03765077214976,0.0,7.4e-05,0.02,0.035,0.055,1.0,0.035
0.093648,35.0539698,0.019945,1.00759e-08,0.349691045239,3.53068e-07,7.4e-05,0.02,0.035,0.055,1.0,0.035
0.3022,7.657698,-0.0935,-5.5604399999999995e-09,0.0291614344316799,0.0,7.4e-05,0.02,0.035,0.055,1.0,0.035
5.476,21.52537,1.3740052,-4.71667e-08,14.211179270472,4.89753e-07,0.000115,0.087,0.023,0.0025,1.0,0.025
3.6154,33.190291836,-0.5269,-3.4830399999999e-09,1.2468497896755,0.0,7.4e-05,0.02,0.035,0.055,1.0,0.035
0.014534771,0.17133584952,-0.0495581,-1.49143e-10,0.00545287378088,0.0,4.71e-05,0.02,0.03,0.045,0.74074,0.055
0.0,34.2577216,-0.459912,-1.7984e-08,6.2415858063565,0.0,7.4e-05,0.02,0.035,0.055,1.0,0.035
0.056259,15.4220704,0.012972,9.97573e-09,0.0848585525609599,3.990269999999999e-07,7.4e-05,0.02,0.035,0.055,1.0,0.035
0.104472,2.2245498396,0.0663,3.12686e-09,0.2851254220945,0.0,4.71e-05,0.02,0.03,0.045,0.74074,0.055
6.438578,64.452748676,0.730735,1.08923e-08,4.724386464235501,9.89062e-08,7.4e-05,0.02,0.035,0.055,1.0,0.035
11.364748,135.7012662,1.3740052,3.69986e-08,16.60981831119515,0.0,7.4e-05,0.02,0.035,0.055,1.0,0.035
0.161352,22.8511804,0.108038,1.06679e-08,0.9160718595379,8.561569999999997e-07,7.4e-05,0.02,0.035,0.055,1.0,0.035
0.441682,10.6979184,0.023323,4.93171e-08,0.1979949280678,0.0,7.4e-05,0.02,0.035,0.055,1.0,0.035
6.736018735,30.267413276,0.404497,6.61065e-08,5.3051195898587,1.4719e-08,4.71e-05,0.02,0.03,0.045,0.74074,0.055
0.712918933,8.471242692,0.286939,7.48841e-09,1.6563042790692,8.561569999999997e-07,4.71e-05,0.02,0.03,0.045,0.74074,0.055
0.008122,3.2840476,-0.07981,-1.66406e-09,0.2534765882918,0.0,7.4e-05,0.02,0.035,0.055,1.0,0.035
1.9174,4.9070224,0.0346,4.06875e-08,0.1623856357240999,3.5023e-07,7.4e-05,0.02,0.035,0.055,1.0,0.035
0.065318942,0.095702176,-0.0100441,-8.650029999999998e-12,0.001668806694,0.0,7.4e-05,0.02,0.035,0.055,1.0,0.035
0.607697,77.7046808,0.169358,7.56889e-08,6.6557015327130005,0.0,4.71e-05,0.02,0.03,0.045,0.74074,0.055
1.420942,11.3646334,0.378138,1.36789e-08,1.788520497193,5.36553e-07,7.4e-05,0.02,0.035,0.055,1.0,0.035
0.722069,4.495564,-1.07663635,-7.87072899999999e-08,2.6982376347136,8.561569999999997e-07,7.4e-05,0.02,0.035,0.055,1.0,0.035
1.845756,18.2946596,-0.059421,4.36709e-09,0.2937536963609,0.0,7.4e-05,0.02,0.035,0.055,1.0,0.035
11.020668031,45.601553492,0.508188,3.57112e-08,10.064256292923,8.561569999999997e-07,1e-05,0.025,0.051,0.11,0.05882,0.035
4.957,72.9614798,0.473,1.59817e-08,3.6242010761011,2.59848e-08,7.4e-05,0.02,0.035,0.055,1.0,0.035
0.46107,34.8901484,0.144228,1.67927e-08,1.6273881698508,1.38588e-07,7.4e-05,0.02,0.035,0.055,1.0,0.035
0.0,6.6366716,-0.089067,-3.01038e-09,0.2162871372044,0.0,7.4e-05,0.02,0.035,0.055,1.0,0.035
0.451949,26.6686,-0.044508,-3.93258e-08,1.1098404575999,0.0,7.4e-05,0.02,0.035,0.055,1.0,0.035
0.001079,0.097835664,-0.305646,-1.6546400000000001e-12,0.00174137728832,0.0,7.4e-05,0.02,0.035,0.055,1.0,0.035
0.012873,1.5772572,-0.114335,-9.039299999999999e-10,0.3232478147199999,0.0,7.4e-05,0.02,0.035,0.055,1.0,0.035
0.025927,0.000152392,-0.104136,-1.78731e-14,1.00502524e-06,0.0,7.4e-05,0.02,0.035,0.055,1.0,0.035
0.701653,25.4227954,0.097741,2.32847e-08,1.4436283857562,0.0,7.4e-05,0.02,0.035,0.055,1.0,0.035
0.16796,16.8164572,0.010377,1.19946e-08,0.3325925165427,3.45137e-07,7.4e-05,0.02,0.035,0.055,1.0,0.035
0.008302,25.3046916,-0.163291,-1.38333e-08,1.677387180421,0.0,7.4e-05,0.02,0.035,0.055,1.0,0.035
0.353563,14.9420356,0.011628,4.45681999999999e-08,0.189524785646,1.42784e-07,7.4e-05,0.02,0.035,0.055,1.0,0.035
11.364748,63.0217116,0.775735,2.15841999999999e-08,8.3557966328627,0.0,7.4e-05,0.02,0.035,0.055,1.0,0.035
0.309925846,2.019194,0.0439021,-1.33012e-08,0.1616679791264,0.0,1.03e-05,0.023,0.064,0.1325,0.21053,0.09
11.364748,2.28588,1.3740052,1.83643e-08,16.60981831119515,2e-08,1e-05,0.025,0.051,0.11,0.05882,0.035
11.364748,14.210554,-0.0971,-2.39114e-08,0.9171292893388,5.13499e-07,7.4e-05,0.02,0.035,0.055,1.0,0.035
2.282288,50.2969796,0.405224,9.683046749999992e-08,13.150044856566,6.81818e-08,7.4e-05,0.02,0.035,0.055,1.0,0.035
0.0,0.9774575272,-0.0319,3.2439000000000003e-08,0.4330273205857,3.84293e-07,4.71e-05,0.02,0.03,0.045,0.74074,0.055
0.056644,7.9548624,0.043438,3.07941e-08,0.3927331293734,3.72493e-07,7.4e-05,0.02,0.035,0.055,1.0,0.035
0.0,0.42136388,-0.079534,-5.46637e-10,0.0097455141176,0.0,7.4e-05,0.02,0.035,0.055,1.0,0.035
0.001,1.575047516,-0.00816186,-7.640000000000001e-09,0.077250095464,0.0,7.4e-05,0.02,0.035,0.055,1.0,0.035
0.567455,63.0179018,0.14239,2.61329e-08,2.3604741528269,2.08283e-07,7.4e-05,0.02,0.035,0.055,1.0,0.035
0.004785,2.400174,-0.005583,-1.595e-08,0.2207632194111,7.210030000000002e-08,4.71e-05,0.02,0.03,0.045,0.74074,0.055
0.49715,25.0570546,0.156615,3.92857e-08,2.7400889155686,3.15152e-07,7.4e-05,0.02,0.035,0.055,1.0,0.035
0.010823192,15.787811200000002,0.00972563,2.20842e-08,0.3045452931711,1.42993e-08,7.4e-05,0.02,0.035,0.055,1.0,0.035
1.402515,122.1955252,0.260093,6.20731e-08,6.790063193989099,0.0,7.4e-05,0.02,0.035,0.055,1.0,0.035
1.134864,11.1131866,-0.021109,8.17439e-08,0.5685106205081,0.0,7.4e-05,0.02,0.035,0.055,1.0,0.035
0.0,0.4609858,-0.040834,-2.73148e-10,0.02724739700736,0.0,7.4e-05,0.02,0.035,0.055,1.0,0.035
11.364748,129.91341804,1.3740052,2.62952e-08,16.60981831119515,1.9103e-07,7.4e-05,0.02,0.035,0.055,1.0,0.035
0.0237,1.5924964,-0.1823,-2.74026e-09,0.03586174493088,0.0,4.71e-05,0.02,0.03,0.045,0.74074,0.055
0.010108906,0.84691854,-0.00642995,-6.76471e-09,0.00574546108716,0.0,7.4e-05,0.02,0.035,0.055,1.0,0.035
2.082592924,9.785776084,0.0984295,1.41477e-08,0.8296096486249,5.213600000000001e-07,4.71e-05,0.02,0.03,0.045,0.74074,0.055
0.085203,28.987396672,0.02766,1.01538e-08,0.160203784599,3.4746e-07,7.4e-05,0.02,0.035,0.055,1.0,0.035
11.364748,153.4701734,1.3740052,4.28507e-08,16.60981831119515,3.8287e-08,7.4e-05,0.02,0.035,0.055,1.0,0.035
0.054649,0.895303,-0.088512,-3.02564e-09,0.34673115371,0.0,7.4e-05,0.02,0.035,0.055,1.0,0.035
0.00209,16.19165,-0.092783,-1.0119e-08,0.3876621087987,0.0,7.4e-05,0.02,0.035,0.055,1.0,0.035
8.428186163,34.6920388,1.3740052,1.98744e-08,16.60981831119515,3.77168e-07,4.71e-05,0.02,0.03,0.045,0.74074,0.055
